kind,x,y
A1_visible_n150,0.69314718056,0
A1_visible_n150,0.730645004184,0.52815850043
A1_visible_n150,0.768142827809,0.381561611731
A1_visible_n150,0.805640651434,-0.353897528572
A1_visible_n150,0.843138475058,-1.45457231457
A1_visible_n150,0.880636298683,-2.63280251769
A1_visible_n150,0.918134122307,-3.61172099721
A1_visible_n150,0.955631945932,-4.18464766835
A1_visible_n150,0.993129769556,-4.24980785636
A1_visible_n150,1.03062759318,-3.81822536515
A1_visible_n150,1.06812541681,-2.99831902028
A1_visible_n150,1.10562324043,-2.05325552065
A1_visible_n150,1.14312106405,-1.48864281102
A1_visible_n150,1.18061888768,-1.00028574828
A1_visible_n150,1.2181167113,-0.681191449802
A1_visible_n150,1.25561453493,-0.59387120683
A1_visible_n150,1.29311235855,-0.760230363692
A1_visible_n150,1.33061018218,-1.15921547204
A1_visible_n150,1.3681080058,-1.73183322605
A1_visible_n150,1.40560582943,-2.28350304928
A1_visible_n150,1.44310365305,-2.74192184428
A1_visible_n150,1.48060147668,-3.1342744668
A1_visible_n150,1.5180993003,-3.39691658739
A1_visible_n150,1.55559712392,-3.48379597079
A1_visible_n150,1.59309494755,-3.37330853598
A1_visible_n150,1.63059277117,-3.19393156937
A1_visible_n150,1.6680905948,-3.00531705987
A1_visible_n150,1.70558841842,-2.75112910538
A1_visible_n150,1.74308624205,-2.45860057037
A1_visible_n150,1.78058406567,-2.16536103248
A1_visible_n150,1.8180818893,-1.91365738979
A1_visible_n150,1.85557971292,-1.74391427158
A1_visible_n150,1.89307753654,-1.68863098416
A1_visible_n150,1.93057536017,-1.76747022739
A1_visible_n150,1.96807318379,-1.89230840325
A1_visible_n150,2.00557100742,-2.02634501525
A1_visible_n150,2.04306883104,-2.21898805539
A1_visible_n150,2.08056665467,-2.45424007719
A1_visible_n150,2.11806447829,-2.62816498112
A1_visible_n150,2.15556230192,-2.80605493028
A1_visible_n150,2.19306012554,-2.96019135381
A1_visible_n150,2.23055794917,-3.0229711334
A1_visible_n150,2.26805577279,-3.03767314249
A1_visible_n150,2.30555359641,-2.99253207818
A1_visible_n150,2.34305142004,-2.87495545194
A1_visible_n150,2.38054924366,-2.68168041472
A1_visible_n150,2.41804706729,-2.52585134089
A1_visible_n150,2.45554489091,-2.4208338945
A1_visible_n150,2.49304271454,-2.2827525322
A1_visible_n150,2.53054053816,-2.1267645015
A1_visible_n150,2.56803836179,-1.98389556654
A1_visible_n150,2.60553618541,-1.96436767962
A1_visible_n150,2.64303400904,-1.94424922417
A1_visible_n150,2.68053183266,-1.9441621445
A1_visible_n150,2.71802965628,-1.98276948111
A1_visible_n150,2.75552747991,-2.07399548271
A1_visible_n150,2.79302530353,-2.20712225776
A1_visible_n150,2.83052312716,-2.37909771624
A1_visible_n150,2.86802095078,-2.44651492282
A1_visible_n150,2.90551877441,-2.53812063533
A1_visible_n150,2.94301659803,-2.65702038062
A1_visible_n150,2.98051442166,-2.66293295412
A1_visible_n150,3.01801224528,-2.68878607277
A1_visible_n150,3.05551006891,-2.72074036806
A1_visible_n150,3.09300789253,-2.73922488569
A1_visible_n150,3.13050571615,-2.72512832792
A1_visible_n150,3.16800353978,-2.70612015669
A1_visible_n150,3.2055013634,-2.660781541
A1_visible_n150,3.24299918703,-2.60640086041
A1_visible_n150,3.28049701065,-2.53008578607
A1_visible_n150,3.31799483428,-2.43585236522
A1_visible_n150,3.3554926579,-2.32146064252
A1_visible_n150,3.39299048153,-2.25646839597
A1_visible_n150,3.43048830515,-2.20107604791
A1_visible_n150,3.46798612878,-2.20623506937
A1_visible_n150,3.5054839524,-2.20571794897
A1_visible_n150,3.54298177602,-2.19460027905
A1_visible_n150,3.58047959965,-2.19221318392
A1_visible_n150,3.61797742327,-2.2115780127
A1_visible_n150,3.6554752469,-2.23441322054
A1_visible_n150,3.69297307052,-2.29258842207
A1_visible_n150,3.73047089415,-2.35625501085
A1_visible_n150,3.76796871777,-2.40268460745
A1_visible_n150,3.8054665414,-2.41355247372
A1_visible_n150,3.84296436502,-2.46628882731
A1_visible_n150,3.88046218865,-2.48250104486
A1_visible_n150,3.91796001227,-2.49317534601
A1_visible_n150,3.95545783589,-2.52192125207
A1_visible_n150,3.99295565952,-2.53852418831
A1_visible_n150,4.03045348314,-2.55104347024
A1_visible_n150,4.06795130677,-2.560415967
A1_visible_n150,4.10544913039,-2.55500611112
A1_visible_n150,4.14294695402,-2.55077741959
A1_visible_n150,4.18044477764,-2.52894001584
A1_visible_n150,4.21794260127,-2.49431109012
A1_visible_n150,4.25544042489,-2.45399435388
A1_visible_n150,4.29293824851,-2.4304887968
A1_visible_n150,4.33043607214,-2.43930864275
A1_visible_n150,4.36793389576,-2.40141818393
A1_visible_n150,4.40543171939,-2.39059124993
A1_visible_n150,4.44292954301,-2.38839610563
A1_visible_n150,4.48042736664,-2.37077492685
A1_visible_n150,4.51792519026,-2.35803685234
A1_visible_n150,4.55542301389,-2.33763272185
A1_visible_n150,4.59292083751,-2.32386295118
A1_visible_n150,4.63041866114,-2.32538892688
A1_visible_n150,4.66791648476,-2.3313032898
A1_visible_n150,4.70541430838,-2.32661759792
A1_visible_n150,4.74291213201,-2.31070635721
A1_visible_n150,4.78040995563,-2.30713548533
A1_visible_n150,4.81790777926,-2.33452569506
A1_visible_n150,4.85540560288,-2.37492667805
A1_visible_n150,4.89290342651,-2.39275707174
A1_visible_n150,4.93040125013,-2.42145853798
A1_visible_n150,4.96789907376,-2.42145912706
A1_visible_n150,5.00539689738,-2.46093121173
A1_visible_n150,5.04289472101,-2.47524097198
A1_visible_n150,5.08039254463,-2.4918139609
A1_visible_n150,5.11789036825,-2.50642260293
A1_visible_n150,5.15538819188,-2.50859497766
A1_visible_n150,5.1928860155,-2.50811123383
A1_visible_n150,5.23038383913,-2.50934978107
A1_visible_n150,5.26788166275,-2.50181884021
A1_visible_n150,5.30537948638,-2.514590739
A1_visible_n150,5.34287731,-2.5190830361
A1_visible_n150,5.38037513363,-2.50105732828
A1_visible_n150,5.41787295725,-2.44401230576
A1_visible_n150,5.45537078088,-2.41208547747
A1_visible_n150,5.4928686045,-2.40017286948
A1_visible_n150,5.53036642812,-2.38947715302
A1_visible_n150,5.56786425175,-2.37187782304
A1_visible_n150,5.60536207537,-2.35578924751
A1_visible_n150,5.642859899,-2.35753116906
A1_visible_n150,5.68035772262,-2.3709831121
A1_visible_n150,5.71785554625,-2.37343988177
A1_visible_n150,5.75535336987,-2.36956509776
A1_visible_n150,5.7928511935,-2.37043252939
A1_visible_n150,5.83034901712,-2.37618549848
A1_visible_n150,5.86784684075,-2.38869866767
A1_visible_n150,5.90534466437,-2.39488750334
A1_visible_n150,5.94284248799,-2.40143989208
A1_visible_n150,5.98034031162,-2.40380469252
A1_visible_n150,6.01783813524,-2.4090493341
A1_visible_n150,6.05533595887,-2.42637664411
A1_visible_n150,6.09283378249,-2.44147465576
A1_visible_n150,6.13033160612,-2.4419185947
A1_visible_n150,6.16782942974,-2.42349051431
A1_visible_n150,6.20532725337,-2.4220143329
A1_visible_n150,6.24282507699,-2.41840904865
A1_visible_n150,6.28032290061,-2.42045582647
A1_visible_n150,6.31782072424,-2.43453181973
A1_visible_n150,6.35531854786,-2.44734768549
A1_visible_n150,6.39281637149,-2.45234036708
A1_visible_n150,6.43031419511,-2.45289521414
A1_visible_n150,6.46781201874,-2.45220996254
A1_visible_n150,6.50530984236,-2.45846203705
A1_visible_n150,6.54280766599,-2.4669699856
A1_visible_n150,6.58030548961,-2.46596016638
A1_visible_n150,6.61780331324,-2.45912846762
A1_visible_n150,6.65530113686,-2.46129147467
A1_visible_n150,6.69279896048,-2.44518551559
A1_visible_n150,6.73029678411,-2.42666173546
A1_visible_n150,6.76779460773,-2.42178376412
A1_visible_n150,6.80529243136,-2.42397895224
A1_visible_n150,6.84279025498,-2.40896570783
A1_visible_n150,6.88028807861,-2.39591892859
A1_visible_n150,6.91778590223,-2.38601317864
A1_visible_n150,6.95528372586,-2.38476676797
A1_visible_n150,6.99278154948,-2.38851417364
A1_visible_n150,7.03027937311,-2.39447764572
A1_visible_n150,7.06777719673,-2.39526799969
A1_visible_n150,7.10527502035,-2.39571066926
A1_visible_n150,7.14277284398,-2.39696679614
A1_visible_n150,7.1802706676,-2.398658784
A1_visible_n150,7.21776849123,-2.39638609416
A1_visible_n150,7.25526631485,-2.4134485606
A1_visible_n150,7.29276413848,-2.43519650941
A1_visible_n150,7.3302619621,-2.43713887475
A1_visible_n150,7.36775978573,-2.4426490736
A1_visible_n150,7.40525760935,-2.42685871049
A1_visible_n150,7.44275543298,-2.41482914401
A1_visible_n150,7.4802532566,-2.40441285565
A1_visible_n150,7.51775108022,-2.40301799617
A1_visible_n150,7.55524890385,-2.40924154224
A1_visible_n150,7.59274672747,-2.42153081527
A1_visible_n150,7.6302445511,-2.43008676225
A1_visible_n150,7.66774237472,-2.43504549309
A1_visible_n150,7.70524019835,-2.43656170381
A1_visible_n150,7.74273802197,-2.43988913148
A1_visible_n150,7.7802358456,-2.44022336672
A1_visible_n150,7.81773366922,-2.44163080582
A1_visible_n150,7.85523149285,-2.43979846409
A1_visible_n150,7.89272931647,-2.42933867735
A1_visible_n150,7.93022714009,-2.43389111499
A1_visible_n150,7.96772496372,-2.44772435263
A1_visible_n150,8.00522278734,-2.45853343419
A1_visible_n150,8.04272061097,-2.45991404181
A1_visible_n150,8.08021843459,-2.44321339765
A1_visible_n150,8.11771625822,-2.42119938449
A1_visible_n150,8.15521408184,-2.40454580758
A1_visible_n150,8.19271190547,-2.39504573698
A1_visible_n150,8.23020972909,-2.40008547404
A1_visible_n150,8.26770755272,-2.40389225572
A1_visible_n150,8.30520537634,-2.41117983087
A1_visible_n150,8.34270319996,-2.41666714077
A1_visible_n150,8.38020102359,-2.42104444307
A1_visible_n150,8.41769884721,-2.4197948289
A1_visible_n150,8.45519667084,-2.41887781152
A1_visible_n150,8.49269449446,-2.41765536096
A1_visible_n150,8.53019231809,-2.41680901567
A1_visible_n150,8.56769014171,-2.4170667545
A1_visible_n150,8.60518796534,-2.42151254999
A1_visible_n150,8.64268578896,-2.42309722546
A1_visible_n150,8.68018361258,-2.42140162837
A1_visible_n150,8.71768143621,-2.42137087314
A1_visible_n150,8.75517925983,-2.42187786942
A1_visible_n150,8.79267708346,-2.41284485145
A1_visible_n150,8.83017490708,-2.41539376244
A1_visible_n150,8.86767273071,-2.4029339782
A1_visible_n150,8.90517055433,-2.40063976881
A1_visible_n150,8.94266837796,-2.4123176277
A1_visible_n150,8.98016620158,-2.41074861066
A1_visible_n150,9.01766402521,-2.4194390769
A1_visible_n150,9.05516184883,-2.42968771702
A1_visible_n150,9.09265967245,-2.43872885088
A1_visible_n150,9.13015749608,-2.44193646924
A1_visible_n150,9.1676553197,-2.43954524295
A1_visible_n150,9.20515314333,-2.43493481988
A1_visible_n150,9.24265096695,-2.4324227158
A1_visible_n150,9.28014879058,-2.43100188261
A1_visible_n150,9.3176466142,-2.43087075205
A1_visible_n150,9.35514443783,-2.42963944666
A1_visible_n150,9.39264226145,-2.42273413666
A1_visible_n150,9.43014008508,-2.41622830722
A1_visible_n150,9.4676379087,-2.41749604449
A1_visible_n150,9.50513573232,-2.42404455854
A1_visible_n150,9.54263355595,-2.42650986248
A1_visible_n150,9.58013137957,-2.41805563984
A1_visible_n150,9.6176292032,-2.40954053756
A1_visible_n150,9.65512702682,-2.410892859
A1_visible_n150,9.69262485045,-2.42713759461
A1_visible_n150,9.73012267407,-2.43241099318
A1_visible_n150,9.7676204977,-2.42932152485
A1_visible_n150,9.80511832132,-2.43105865322
A1_visible_n150,9.84261614495,-2.44028063298
A1_visible_n150,9.88011396857,-2.42568713067
A1_visible_n150,9.91761179219,-2.41834949116
A1_visible_n150,9.95510961582,-2.41275511974
A1_visible_n150,9.99260743944,-2.4089119631
A1_visible_n150,10.0301052631,-2.4100028455
A1_visible_n150,10.0676030867,-2.41145076704
A1_visible_n150,10.1051009103,-2.41164506612
A1_visible_n150,10.1425987339,-2.41164365769
A1_visible_n150,10.1800965576,-2.41239171874
A1_visible_n150,10.2175943812,-2.41123024849
A1_visible_n150,10.2550922048,-2.41502495195
A1_visible_n150,10.2925900284,-2.41294900111
A1_visible_n150,10.3300878521,-2.41809294727
A1_visible_n150,10.3675856757,-2.42767881442
A1_visible_n150,10.4050834993,-2.43926029387
A1_visible_n150,10.4425813229,-2.43256917363
A1_visible_n150,10.4800791466,-2.42252859564
A1_visible_n150,10.5175769702,-2.42386248102
A1_visible_n150,10.5550747938,-2.41626793944
A1_visible_n150,10.5925726174,-2.41812962944
A1_visible_n150,10.6300704411,-2.42267556626
A1_visible_n150,10.6675682647,-2.41689245663
A1_visible_n150,10.7050660883,-2.40973014439
A1_visible_n150,10.7425639119,-2.40893772547
A1_visible_n150,10.7800617356,-2.4161834657
A1_visible_n150,10.8175595592,-2.42175730417
A1_visible_n150,10.8550573828,-2.4236961004
A1_visible_n150,10.8925552064,-2.42424676555
A1_visible_n150,10.9300530301,-2.42463281935
A1_visible_n150,10.9675508537,-2.42533511126
A1_visible_n150,11.0050486773,-2.42961582348
A1_visible_n150,11.0425465009,-2.43274500493
A1_visible_n150,11.0800443246,-2.43234385206
A1_visible_n150,11.1175421482,-2.4287643522
A1_visible_n150,11.1550399718,-2.42439731392
A1_visible_n150,11.1925377954,-2.41696754197
A1_visible_n150,11.2300356191,-2.41480626016
A1_visible_n150,11.2675334427,-2.41254215858
A1_visible_n150,11.3050312663,-2.4099910023
A1_visible_n150,11.3425290899,-2.41742229741
A1_visible_n150,11.3800269136,-2.41632673311
A1_visible_n150,11.4175247372,-2.4102361232
A1_visible_n150,11.4550225608,-2.41046096551
A1_visible_n150,11.4925203844,-2.42112935761
A1_visible_n150,11.530018208,-2.42443590523
A1_visible_n150,11.5675160317,-2.42880855463
A1_visible_n150,11.6050138553,-2.42774870942
A1_visible_n150,11.6425116789,-2.42507528148
A1_visible_n150,11.6800095025,-2.4203320564
A1_visible_n150,11.7175073262,-2.41697702651
A1_visible_n150,11.7550051498,-2.41682262542
A1_visible_n150,11.7925029734,-2.4167571551
A1_visible_n150,11.830000797,-2.41667852371
A1_visible_n150,11.8674986207,-2.41521187457
A1_visible_n150,11.9049964443,-2.41525174661
A1_visible_n150,11.9424942679,-2.41196180501
A1_visible_n150,11.9799920915,-2.40682399916
A1_visible_n150,12.0174899152,-2.40528133073
A1_visible_n150,12.0549877388,-2.4140789687
A1_visible_n150,12.0924855624,-2.42455506832
A1_visible_n150,12.129983386,-2.43004059465
A1_visible_n150,12.1674812097,-2.42762325739
A1_visible_n150,12.2049790333,-2.42450892176
A1_visible_n150,12.2424768569,-2.42892773439
A1_visible_n150,12.2799746805,-2.42153841454
A1_visible_n150,12.3174725042,-2.42185148408
A1_visible_n150,12.3549703278,-2.41497146554
A1_visible_n150,12.3924681514,-2.41596035326
A1_visible_n150,12.429965975,-2.41591516427
A1_visible_n150,12.4674637987,-2.41373627286
A1_visible_n150,12.5049616223,-2.41626492079
A1_visible_n150,12.5424594459,-2.41337127435
A1_visible_n150,12.5799572695,-2.41294886134
A1_visible_n150,12.6174550932,-2.41778898178
A1_visible_n150,12.6549529168,-2.42115778594
A1_visible_n150,12.6924507404,-2.42175108441
A1_visible_n150,12.729948564,-2.42188305419
A1_visible_n150,12.7674463877,-2.42312539824
A1_visible_n150,12.8049442113,-2.42625252321
A1_visible_n150,12.8424420349,-2.42693598034
A1_visible_n150,12.8799398585,-2.4243237387
A1_visible_n150,12.9174376822,-2.42404107736
A1_visible_n150,12.9549355058,-2.41729219634
A1_visible_n150,12.9924333294,-2.415901148
A1_visible_n150,13.029931153,-2.41928165541
A1_visible_n150,13.0674289767,-2.41035758024
A1_visible_n150,13.1049268003,-2.40945287232
A1_visible_n150,13.1424246239,-2.41171030451
A1_visible_n150,13.1799224475,-2.41691196462
A1_visible_n150,13.2174202712,-2.42165473836
A1_visible_n150,13.2549180948,-2.4184409589
A1_visible_n150,13.2924159184,-2.42007790099
A1_visible_n150,13.329913742,-2.42671037934
A1_visible_n150,13.3674115657,-2.4315044484
A1_visible_n150,13.4049093893,-2.42460948427
A1_visible_n150,13.4424072129,-2.41957583958
A1_visible_n150,13.4799050365,-2.41840146897
A1_visible_n150,13.5174028601,-2.4187009934
A1_visible_n150,13.5549006838,-2.41556082553
A1_visible_n150,13.5923985074,-2.41543948136
A1_visible_n150,13.629896331,-2.41587292465
A1_visible_n150,13.6673941546,-2.41599679849
A1_visible_n150,13.7048919783,-2.41505741451
A1_visible_n150,13.7423898019,-2.41330804753
A1_visible_n150,13.7798876255,-2.41221992472
deep_offline_R_201_200,1000,0
deep_offline_R_201_200,1210,0
deep_offline_R_201_200,1466,0
deep_offline_R_201_200,1775,0
deep_offline_R_201_200,2150,0
deep_offline_R_201_200,2603,0
deep_offline_R_201_200,3153,0
deep_offline_R_201_200,3818,0
deep_offline_R_201_200,4624,0
deep_offline_R_201_200,5599,0
deep_offline_R_201_200,6780,0
deep_offline_R_201_200,8211,0
deep_offline_R_201_200,9943,0
deep_offline_R_201_200,12040,0
deep_offline_R_201_200,14581,0
deep_offline_R_201_200,17657,0
deep_offline_R_201_200,21381,0
deep_offline_R_201_200,25892,0
deep_offline_R_201_200,31354,0
deep_offline_R_201_200,37968,0
deep_offline_R_201_200,45978,0.00155491758893
deep_offline_R_201_200,55678,0.00360350430836
deep_offline_R_201_200,67423,0.00558373745342
deep_offline_R_201_200,81646,0.00750194200626
deep_offline_R_201_200,98870,0.00935864875491
deep_offline_R_201_200,119727,0.011158262143
deep_offline_R_201_200,144984,0.0129035818149
deep_offline_R_201_200,175570,0.0145957771446
deep_offline_R_201_200,212607,0.0162383411388
deep_offline_R_201_200,257457,0.0178330116954
deep_offline_R_201_200,311769,0.0193810148907
deep_offline_R_201_200,377539,0.0208854049983
deep_offline_R_201_200,457182,0.0223479402662
deep_offline_R_201_200,553627,0.0237698420683
deep_offline_R_201_200,670417,0.0251530225728
deep_offline_R_201_200,811845,0.0264990550406
deep_offline_R_201_200,983107,0.0278096609455
deep_offline_R_201_200,1190498,0.0290854849379
deep_offline_R_201_200,1441639,0.0303284019038
deep_offline_R_201_200,1745759,0.0315397675394
deep_offline_R_201_200,2114034,0.0327203564263
deep_offline_R_201_200,2559999,0.0338715561763
