case	lambda	strength	beta	N	S_N	radius	shellMass	ratio
zeta-lam6	6			6	10622021.8207215934877311	9.41440355591423815237276e-8	0.0016555496190505626964247	
zeta-lam6	6			7	1121799125.91655806656093	8.9142519092529783397879e-10	0.00009877904018870055558188	105.610696800503284554065
zeta-lam6	6			8	11507285985578.1861088562	8.69014641031149084295843e-14	0.00000352694221708547888430248	10257.8846067260386093725
zeta-lam6	6			9	2591637814696.54049946667	3.85856385614242083458755e-13	5.23243091626876184992959e-8	0.225217120522126581084026
zeta-lam6	6			10	50460432663613.5301184268	1.98175074452163613290462e-14	1.45589844210261887608762e-11	19.470480164112759060113
zeta-lam6	6			11	4515859203303360.9552328	2.21441802097925860286636e-16	4.79469338007647500649253e-11	89.4930733830131816228607
zeta-lam6	6			12	1681574175694465278469.42	5.94680873703959435177901e-22	3.48108810639252168103656e-12	372370.815827116590481371
zeta-lam6	6			13	19170441718386306907.9284	5.21636389338333985871685e-20	4.93867049416190499146533e-14	0.0114002950303808024674389
zeta-lam6	6			14	5486045627667125025623.27	1.82280656755171389716839e-22	1.91386370552926141677878e-18	286.172103296163327626021
zeta-lam6	6			15	26080226280857810272895.3	3.83432256005375727585104e-23	1.94224712325387204800425e-17	4.75392077479824262391193
zeta-lam6	6			16	512791768642082658989877.0	1.95010930586519991009132e-24	8.5946028173618454966984e-20	19.6620904711420439331071
zeta-lam6	6			17	2.3277578503865818913606e+26	4.29597949732582885315043e-27	2.05243396319659164941343e-20	453.938224583964707635565
zeta-lam6	6			18	9.2132418646414135461445e+27	1.08539427781419778076307e-28	1.26788912557763642413307e-21	39.5798981544035018818884
plant-lam6-b0.10-s5.0	6	5.0	0.10	6	24.6365954582553422647302	0.0405900239622969276648832	0.673424737851020308799068	
plant-lam6-b0.10-s5.0	6	5.0	0.10	7	20.3409874941225075744647	0.0491618216809261710895383	0.682244818273096156498076	0.825641169803214718529098
plant-lam6-b0.10-s5.0	6	5.0	0.10	8	196.790011226412404499292	0.00508155873241692165355442	0.92177101951518563250134	9.67455544050034595524203
plant-lam6-b0.10-s5.0	6	5.0	0.10	9	0.59995502223651131822672	1.6667916142650188835338	0.701942100073929097484651	0.00304870668230333249828094
plant-lam6-b0.10-s5.0	6	5.0	0.10	10	5.23164970725820821073332	0.191144295959386367484188	0.531607659177100630513999	8.72006986083002234277377
plant-lam6-b0.10-s5.0	6	5.0	0.10	11	14.3201633180784893666518	0.0698316058125922388650995	0.518017026000276145404709	2.73721753545754307216529
plant-lam6-b0.10-s5.0	6	5.0	0.10	12	6085.10655045080457127741	0.00016433565981287817110326	0.123442341153997337340805	424.93276195870351231714
plant-lam6-b0.10-s5.0	6	5.0	0.10	13	213.403057400593669541274	0.00468596847758760406233752	0.0318930129721766011231176	0.035069732244012074682932
plant-lam6-b0.10-s5.0	6	5.0	0.10	14	673.630791446276895801828	0.00148449271128627076217887	0.0101920139879890007368176	3.15661265424964296231025
plant-lam6-b0.10-s5.0	6	5.0	0.10	15	84.9779356955304586866817	0.0117677605582574359002742	0.00740189758370102158025824	0.126149126160168379618812
plant-lam6-b0.10-s5.0	6	5.0	0.10	16	1609.9722722209367014344	0.000621128709639522208942764	0.00484070954748603508462275	18.9457682049296426382699
plant-lam6-b0.10-s5.0	6	5.0	0.10	17	791.570681941732044768428	0.00126331106345044061711305	0.0112431417970976591497497	0.49166727626294466924065
plant-lam6-b0.10-s5.0	6	5.0	0.10	18	950.283009519287086733794	0.0010523180883828101840411	0.0024122543664150788341382	1.20050303933469575378376
plant-lam6-b0.20-s5.0	6	5.0	0.20	6	0.347284280035957453694472	2.87948535964962490820629	0.732820501607173579773616	
plant-lam6-b0.20-s5.0	6	5.0	0.20	7	0.27639701627901592287376	3.61798406315111896026162	0.806102223935485619776285	0.795881161826265395171615
plant-lam6-b0.20-s5.0	6	5.0	0.20	8	128.739189476970659592418	0.0077676425031313692041615	0.916687796772068808364573	465.776335830672084382651
plant-lam6-b0.20-s5.0	6	5.0	0.20	9	0.715657495543528078920724	1.39731646245180352302363	0.640256561476356491230474	0.00555897158006845714804032
plant-lam6-b0.20-s5.0	6	5.0	0.20	10	5.86400442571417009519017	0.170531931322376380091926	0.491477189763539978624946	8.19386991994064383924117
plant-lam6-b0.20-s5.0	6	5.0	0.20	11	15.5388438495355030964307	0.0643548522453227837538	0.492137939129992241380503	2.64986905217811902711774
plant-lam6-b0.20-s5.0	6	5.0	0.20	12	839.569752764137790571217	0.00119108626377698034792675	0.114295938294890549054519	54.0303873887782673234055
plant-lam6-b0.20-s5.0	6	5.0	0.20	13	76.3323358467360549073116	0.0131006078735472060728258	0.0305915789435547315286423	0.0909183967090585132511708
plant-lam6-b0.20-s5.0	6	5.0	0.20	14	25151.2845297212137707632	0.0000397594007104608256523423	0.00749513144822541531392198	329.49711613989177125441
plant-lam6-b0.20-s5.0	6	5.0	0.20	15	78.3390389693673166116516	0.0127650276689126484054177	0.00743369055958191111856765	0.00311471324165548119507702
plant-lam6-b0.20-s5.0	6	5.0	0.20	16	270.131189404929676681262	0.00370190499735663180424394	0.00548317173905115320799497	3.44823210699021057769462
plant-lam6-b0.20-s5.0	6	5.0	0.20	17	10647.8222672941100588643	0.0000939159177244725119818493	0.00763507222618219070482503	39.4172264622612877620316
plant-lam6-b0.20-s5.0	6	5.0	0.20	18	304.977863500592335669795	0.0032789265047692806559142	0.00232844736354704783898937	0.0286422759363070381167323
plant-lam6-b0.30-s5.0	6	5.0	0.30	6	0.417494092732379537383397	2.39524347148311908192126	0.845119202308115869023139	
plant-lam6-b0.30-s5.0	6	5.0	0.30	7	0.369674306049370706853663	2.70508386337904722425187	0.766712519080054379817775	0.885459968139807700598345
plant-lam6-b0.30-s5.0	6	5.0	0.30	8	51.916581138542822898166	0.01926166897106406153785	0.832349432891923100575928	140.438705879681193529508
plant-lam6-b0.30-s5.0	6	5.0	0.30	9	0.811799045096838206005059	1.23183194910103842749574	0.60211100659955607257714	0.015636604477681203258069
plant-lam6-b0.30-s5.0	6	5.0	0.30	10	6.24280330788927552980937	0.160184447704168535387215	0.464303899503043814896774	7.6900845666116563814774
plant-lam6-b0.30-s5.0	6	5.0	0.30	11	16.4662818847440345036998	0.0607301640406446149320891	0.475354013825403821194768	2.63764226944887850157731
plant-lam6-b0.30-s5.0	6	5.0	0.30	12	279.909609881941745650036	0.00357258187892074437940055	0.109528256057572690609359	16.9989565246831611612157
plant-lam6-b0.30-s5.0	6	5.0	0.30	13	67.9471995631191744794316	0.0147173100058532293427732	0.0312521543944952028305023	0.242746933882611081993287
plant-lam6-b0.30-s5.0	6	5.0	0.30	14	3009.26079515699666088884	0.000332307522701045533193043	0.00823684109102575600653505	44.2882240107859121135358
plant-lam6-b0.30-s5.0	6	5.0	0.30	15	89.7533055421896060540946	0.0111416509281648477731941	0.00790799720800991086578848	0.0298256986189550483816548
plant-lam6-b0.30-s5.0	6	5.0	0.30	16	220.331343974316380116656	0.0045386188908127758817057	0.00572565815565430010112316	2.45485492309525043611137
plant-lam6-b0.30-s5.0	6	5.0	0.30	17	15587.5523059454916063407	0.0000641537542503433584366763	0.00669799682721480067109922	70.745959357296454083973
plant-lam6-b0.30-s5.0	6	5.0	0.30	18	272.061600784219939664228	0.00367563815370302633254924	0.00254700516529530908622121	0.0174537730776658679330936
plant-lam6-b0.40-s5.0	6	5.0	0.40	6	0.640942752312492714750868	1.56020174405911422404216	0.613867630405479014102992	
plant-lam6-b0.40-s5.0	6	5.0	0.40	7	0.487684629851447979764226	2.05050546765151636975751	0.643558226748596324288377	0.76088641004505269742438
plant-lam6-b0.40-s5.0	6	5.0	0.40	8	33.728769610695618233736	0.0296482798377232627415125	0.769628581568293907325206	69.1610265038896723943683
plant-lam6-b0.40-s5.0	6	5.0	0.40	9	0.870652940376713141299182	1.14856328351377429160995	0.577767210921883173197599	0.0258133620178253782440763
plant-lam6-b0.40-s5.0	6	5.0	0.40	10	6.34885615633840436349749	0.157508687450990088690525	0.448721556118704199921078	7.29206307348067804897645
plant-lam6-b0.40-s5.0	6	5.0	0.40	11	16.6994822348860176770879	0.0598820960994199051833214	0.465571614174852441787974	2.63031352792802321317398
plant-lam6-b0.40-s5.0	6	5.0	0.40	12	141.090037991932330929406	0.00708767262545624232678204	0.109076231847076753416191	8.4487672137036972656876
plant-lam6-b0.40-s5.0	6	5.0	0.40	13	64.6221680209328836163846	0.015474565936507619370446	0.0333355671743437607515724	0.458020771279599794469731
plant-lam6-b0.40-s5.0	6	5.0	0.40	14	694.560910058247245807707	0.00143975853739902815804646	0.010079458501327983762249	10.7480285996170851777419
plant-lam6-b0.40-s5.0	6	5.0	0.40	15	99.2289297191018851602231	0.0100777061974850345839936	0.00880969750282945915395039	0.14286569872004508818296
plant-lam6-b0.40-s5.0	6	5.0	0.40	16	206.627267796983682485315	0.00483963230343114408485382	0.00616353977812386767896801	2.08232889724706236576779
plant-lam6-b0.40-s5.0	6	5.0	0.40	17	2258.98205654570401896353	0.000442677265674760737018221	0.00642929421749788203110625	10.9326425337299085175234
plant-lam6-b0.40-s5.0	6	5.0	0.40	18	274.195481862584387916124	0.00364703310647970226809597	0.00285266201739747805392365	0.121380106171302308103073
plant-lam6-b0.10-s2.5	6	2.5	0.10	6	42.1367075084641557011206	0.0237322766568585434738649	0.719627434972215105760993	
plant-lam6-b0.10-s2.5	6	2.5	0.10	7	29.6926907940782778571853	0.0336783219457979761402855	0.658383632588020998440405	0.704675152611622482529506
plant-lam6-b0.10-s2.5	6	2.5	0.10	8	235.11806481336613055339	0.00425318233541003272853383	0.901736221886164649609887	7.91838188205753948980712
plant-lam6-b0.10-s2.5	6	2.5	0.10	9	0.594472703068652820678426	1.68216302420283671721008	0.716546599090616972438727	0.00252840079957504773363552
plant-lam6-b0.10-s2.5	6	2.5	0.10	10	5.13926360283174154195618	0.194580406315215779199668	0.533750853943240230813021	8.64507920431500867347908
plant-lam6-b0.10-s2.5	6	2.5	0.10	11	15.110220014139553716818	0.066180373221848461361291	0.52663171266744656162087	2.94015274986357987851268
plant-lam6-b0.10-s2.5	6	2.5	0.10	12	15069.1000185025367744991	0.0000663609637451575626888147	0.122234068057851925032611	997.27866334186143838676
plant-lam6-b0.10-s2.5	6	2.5	0.10	13	3486.17058348079650157718	0.000286847696076174661256127	0.0320105918291729117172912	0.231345639699803922955686
plant-lam6-b0.10-s2.5	6	2.5	0.10	14	439.704441289224835818807	0.00227425494513535965601747	0.0127922868934953287077099	0.126128205938275750648624
plant-lam6-b0.10-s2.5	6	2.5	0.10	15	134.40072745642122000939	0.00744043591820769809385	0.00723116596913833636010516	0.305661519047555667846288
plant-lam6-b0.10-s2.5	6	2.5	0.10	16	13132.3222696305557035078	0.000076147994198449749295251	0.00422958462902274471376766	97.7102023044380255499051
plant-lam6-b0.10-s2.5	6	2.5	0.10	17	547.406560063727387524256	0.0018267957912005714302848	0.0128531888932038377521667	0.0416839115599260473300552
plant-lam6-b0.10-s2.5	6	2.5	0.10	18	7619.34748013447191368547	0.000131244834627538374969388	0.00270241855327164014073726	13.9189919084043328278558
plant-lam6-b0.20-s2.5	6	2.5	0.20	6	0.307384603064133204425788	3.25325338364901262051031	0.649580515395986731148423	
plant-lam6-b0.20-s2.5	6	2.5	0.20	7	0.271553092950373033200519	3.68252112003287826061425	0.67824344239303116440725	0.883431018481155905834961
plant-lam6-b0.20-s2.5	6	2.5	0.20	8	130.778081768894613519178	0.00764654127414987533158627	0.92647684119471957635432	481.593048151341129193639
plant-lam6-b0.20-s2.5	6	2.5	0.20	9	0.643806078511154273662703	1.55326275003890706852962	0.671827315210493954401089	0.00492288975188411627243747
plant-lam6-b0.20-s2.5	6	2.5	0.20	10	5.45196156189539343769538	0.183420221996639777278059	0.514491592213417165462272	8.46832880873605386547618
plant-lam6-b0.20-s2.5	6	2.5	0.20	11	14.5618582277667477223447	0.068672554309942841568585	0.506200864175739679827093	2.67093926882057234455984
plant-lam6-b0.20-s2.5	6	2.5	0.20	12	2214.09010604368732973511	0.000451652801875746467528213	0.120681228723335875539375	152.04722305439222346642
plant-lam6-b0.20-s2.5	6	2.5	0.20	13	98.9150427195954567767626	0.0101096857718072449402269	0.0314092052476649910747738	0.0446752561919644448871873
plant-lam6-b0.20-s2.5	6	2.5	0.20	14	1730.05442177083287710781	0.000578016499028064897525217	0.00828165387934877526947957	17.4903065722287994388074
plant-lam6-b0.20-s2.5	6	2.5	0.20	15	74.2950590568778249440732	0.0134598452803494412242135	0.00745794547899829079257802	0.0429437699311398454639693
plant-lam6-b0.20-s2.5	6	2.5	0.20	16	422.919530630061320467978	0.00236451600736009973844202	0.00536030752860991687422554	5.69243144831863180893866
plant-lam6-b0.20-s2.5	6	2.5	0.20	17	1783.14134226003252649149	0.000560808039329375645565872	0.00921697452767531560357665	4.21626624715942119618277
plant-lam6-b0.20-s2.5	6	2.5	0.20	18	420.002400113311411424567	0.00238093877494560142250481	0.00231308682492306660671766	0.235540722521178112113871
plant-lam6-b0.30-s2.5	6	2.5	0.30	6	0.344541685796732722855903	2.90240641763726740943237	0.790708457416817746121078	
plant-lam6-b0.30-s2.5	6	2.5	0.30	7	0.32296968399773675991142	3.09626584025455340562109	0.869925842830494671477138	0.937389283537311439290122
plant-lam6-b0.30-s2.5	6	2.5	0.30	8	77.5689130783549089974294	0.0128917624382575417465738	0.905253710613158918706465	240.173975830184979119471
plant-lam6-b0.30-s2.5	6	2.5	0.30	9	0.73486493787547095821128	1.3607942745112414209051	0.627519799026177539756146	0.00947370420329545842022435
plant-lam6-b0.30-s2.5	6	2.5	0.30	10	5.83306327655915063274857	0.171436508158349209717548	0.484802191531487528929501	7.93759910960347416108521
plant-lam6-b0.30-s2.5	6	2.5	0.30	11	15.427737097177506501033	0.0648183199973604221455466	0.488247173469975339591923	2.64487737672513834775256
plant-lam6-b0.30-s2.5	6	2.5	0.30	12	672.120413257622198080093	0.00148782863944455487850178	0.115057374668498236085655	43.565716023290683915898
plant-lam6-b0.30-s2.5	6	2.5	0.30	13	72.5081011890481015794985	0.0137915623716683921403602	0.0311462374848901481254567	0.107879629540809548793051
plant-lam6-b0.30-s2.5	6	2.5	0.30	14	223607.299930182418077714	0.00000447212591141806648167214	0.00764729243454831837500074	3083.8940237474721261269
plant-lam6-b0.30-s2.5	6	2.5	0.30	15	78.4695158361864650040683	0.012743802345965881981254	0.00762350112620915642112777	0.000350925555027439795976339
plant-lam6-b0.30-s2.5	6	2.5	0.30	16	251.058983823639392107841	0.00398312772867138993735671	0.0056183163296656814044274	3.19944606702750610028546
plant-lam6-b0.30-s2.5	6	2.5	0.30	17	22713.0118217830945503238	0.0000440276264480671845666639	0.00754741950999270053430864	90.4688271889853258892498
plant-lam6-b0.30-s2.5	6	2.5	0.30	18	288.671526433039402965195	0.00346414491362022576075265	0.00239770410600083669591639	0.0127095221319872109904282
plant-lam6-b0.40-s2.5	6	2.5	0.40	6	0.420021082342951464418178	2.38083287253540735326482	0.83768744540079974876081	
plant-lam6-b0.40-s2.5	6	2.5	0.40	7	0.389626629257780628440424	2.56655968793752705930581	0.761872959408605153390013	0.927635886952090044288179
plant-lam6-b0.40-s2.5	6	2.5	0.40	8	38.536291773214576966505	0.0259495647864870607592073	0.830327970213221763444961	98.9056929877310959456831
plant-lam6-b0.40-s2.5	6	2.5	0.40	9	0.808482105277195742253388	1.23688575600215732020728	0.595229664115370113730541	0.0209797587696060433100095
plant-lam6-b0.40-s2.5	6	2.5	0.40	10	6.03016304487728508989821	0.165832995320004681749464	0.463622183893679533495715	7.45862277657931168823616
plant-lam6-b0.40-s2.5	6	2.5	0.40	11	15.8815632831590625857229	0.0629660935872986786713379	0.475270087612185094428316	2.63368720961047501409416
plant-lam6-b0.40-s2.5	6	2.5	0.40	12	296.935332610896025649443	0.00336773664220822017179484	0.112800932059951174154742	18.6968579425533404575867
plant-lam6-b0.40-s2.5	6	2.5	0.40	13	66.0899460303423316264532	0.0151308944864456899645128	0.0320940627747784447241596	0.222573532927947573938472
plant-lam6-b0.40-s2.5	6	2.5	0.40	14	3749.41777527674961940566	0.000266708075742823468517257	0.00836775606709622338537719	56.7320447433164358154745
plant-lam6-b0.40-s2.5	6	2.5	0.40	15	85.7851422075607982150428	0.0116570302766469453528705	0.00810738084117341252696325	0.022879590205503007819264
plant-lam6-b0.40-s2.5	6	2.5	0.40	16	215.554729718730197005463	0.00463919303141649877040576	0.00588321486382293603290759	2.51272801060568700144893
plant-lam6-b0.40-s2.5	6	2.5	0.40	17	23270.1409991440579287516	0.0000429735256024784228214617	0.00697073937087689269348905	107.954675963308475621437
plant-lam6-b0.40-s2.5	6	2.5	0.40	18	264.357368207485761124211	0.00378275819123426715892751	0.00260234745471149397759715	0.0113603681308682048016938
plant-lam6-b0.10-s10.0	6	10.0	0.10	6	18.9912163809703259700127	0.052655921555505260997913	0.671439031861409789534163	
plant-lam6-b0.10-s10.0	6	10.0	0.10	7	14.4840239260595784232391	0.0690415871380055749226048	0.70271656212699311592718	0.762669627658654494093124
plant-lam6-b0.10-s10.0	6	10.0	0.10	8	184.920626870271615362611	0.00540772555730916649505003	0.932271044441768549398697	12.7672135736784728719685
plant-lam6-b0.10-s10.0	6	10.0	0.10	9	0.64166489955020380212933	1.55844585031997701301918	0.676041477372759314763404	0.00346994767652585619332391
plant-lam6-b0.10-s10.0	6	10.0	0.10	10	5.51663757718240226781389	0.181269838014398887610651	0.515882355825140748771585	8.59738093987916672116133
plant-lam6-b0.10-s10.0	6	10.0	0.10	11	14.7459949027543032868569	0.0678150241197504317710492	0.506939262978360300257224	2.67300410738342423392341
plant-lam6-b0.10-s10.0	6	10.0	0.10	12	2302.71843366518669766446	0.000434269333749294660719104	0.119421783972739585718502	156.158906119998570545156
plant-lam6-b0.10-s10.0	6	10.0	0.10	13	101.673080399559763256728	0.00983544509589118266075125	0.0310211253575252466613052	0.0441535008853552881653914
plant-lam6-b0.10-s10.0	6	10.0	0.10	14	1679.04048107257230917849	0.000595578255124140458844091	0.00820476900703916429207134	16.5141104653680034207737
plant-lam6-b0.10-s10.0	6	10.0	0.10	15	75.3334636367528258398896	0.0132743133227201234685556	0.00735499165897882646743658	0.0448669728252351326222215
plant-lam6-b0.10-s10.0	6	10.0	0.10	16	437.227825629826246900766	0.0022871371431118341953798	0.00528188810324678706260512	5.80389915082195360812168
plant-lam6-b0.10-s10.0	6	10.0	0.10	17	1749.56924512671599794332	0.000571569260711126086773013	0.00914980688332865725484979	4.00150480497544556929846
plant-lam6-b0.10-s10.0	6	10.0	0.10	18	431.097862161052284896259	0.00231965891685729035524688	0.00228455960349272438114148	0.246402286369539591034265
plant-lam6-b0.20-s10.0	6	10.0	0.20	6	0.372614774916736373280377	2.68373684383142794801542	0.84705772752819775632187	
plant-lam6-b0.20-s10.0	6	10.0	0.20	7	0.365095480271688804199523	2.73900953048183936972403	0.860311397625899080360559	0.979820191921461479652867
plant-lam6-b0.20-s10.0	6	10.0	0.20	8	82.2611260258294443159312	0.0121564103035254669013828	0.85778351861534525003266	225.314008172914523253015
plant-lam6-b0.20-s10.0	6	10.0	0.20	9	0.793283093760304448294632	1.2605840309287574263677	0.613369365218386143367906	0.00964347477460032401686315
plant-lam6-b0.20-s10.0	6	10.0	0.20	10	6.29058205993368559377875	0.15896780146455030194176	0.470055266992488590071793	7.92980728999933172289739
plant-lam6-b0.20-s10.0	6	10.0	0.20	11	16.6184112279255282535556	0.0601742240148446325084118	0.478782381378341695561542	2.64179229673711897195624
plant-lam6-b0.20-s10.0	6	10.0	0.20	12	341.436028594744894867952	0.0029288063246158293241912	0.108525516065585213199112	20.5456480713990768962611
plant-lam6-b0.20-s10.0	6	10.0	0.20	13	70.1139620843692846973692	0.014262494519945735477793	0.0304819215541766065717147	0.205350215596575216459796
plant-lam6-b0.20-s10.0	6	10.0	0.20	14	5493.04163912287052416485	0.000182048501667589781249914	0.00783605896848326994336193	78.3444762758236811775605
plant-lam6-b0.20-s10.0	6	10.0	0.20	15	88.9308405133273972932605	0.0112446930022002604250539	0.00763476400138151061364477	0.0161897262674906435641327
plant-lam6-b0.20-s10.0	6	10.0	0.20	16	229.0646296835781002153	0.00436558014819383142719966	0.00556574502976375949967591	2.57576143845452471791669
plant-lam6-b0.20-s10.0	6	10.0	0.20	17	43195.3638734447414730962	0.000023150632621821043029431	0.00669776700370816557477949	188.572823019919366777939
plant-lam6-b0.20-s10.0	6	10.0	0.20	18	278.278087755454136502434	0.00359352764015966043206829	0.00245230384618569377061964	0.00644231377632939548737764
plant-lam6-b0.30-s10.0	6	10.0	0.30	6	0.628170675805127824059322	1.59192403994073372122121	0.618138706429389773600351	
plant-lam6-b0.30-s10.0	6	10.0	0.30	7	0.463157832890296781255118	2.15909119739935231521487	0.649006317021473354593132	0.737312088464916487571989
plant-lam6-b0.30-s10.0	6	10.0	0.30	8	46.8187228097536284037888	0.0213589764945846083649801	0.776840908650294659152076	101.085892292019330174908
plant-lam6-b0.30-s10.0	6	10.0	0.30	9	0.870058172228408138885345	1.14934843659796055874052	0.585807699117946713933927	0.0185835520495478163229943
plant-lam6-b0.30-s10.0	6	10.0	0.30	10	6.55428137535865794241158	0.152572027767922738967122	0.450265388644144541847922	7.5331530517916041985218
plant-lam6-b0.30-s10.0	6	10.0	0.30	11	17.2738657894155137941654	0.057890921012755908691995	0.46620401412234642745929	2.6355087308820744143807
plant-lam6-b0.30-s10.0	6	10.0	0.30	12	135.601426321168164022694	0.00737455369850998564102699	0.106146751452387439223777	7.85009146037578622380991
plant-lam6-b0.30-s10.0	6	10.0	0.30	13	66.557599864590782002187	0.0150245802437958499338586	0.0325998050728342783614049	0.490832594245365670903101
plant-lam6-b0.30-s10.0	6	10.0	0.30	14	638.454059415971132891088	0.00156628340794755808164976	0.0100321921961036525079345	9.59250424767246162285172
plant-lam6-b0.30-s10.0	6	10.0	0.30	15	103.816427304854441248041	0.0096323869541717521948723	0.00863927207606115322822289	0.162605947559987336577782
plant-lam6-b0.30-s10.0	6	10.0	0.30	16	212.624700307023229051279	0.00470312244323463906523823	0.00602012664644044011442311	2.04808338937204910505029
plant-lam6-b0.30-s10.0	6	10.0	0.30	17	2031.68303351041750129892	0.000492202761703513766676648	0.0061990386902257174430539	9.55525407244187783250218
plant-lam6-b0.30-s10.0	6	10.0	0.30	18	284.647593374722458905868	0.00351311594854609065090317	0.00279938316852914366254954	0.140104331571297202472671
plant-lam6-b0.40-s10.0	6	10.0	0.40	6	0.80068586847574869531798	1.24892924850001666256666	0.553833273126398506944927	
plant-lam6-b0.40-s10.0	6	10.0	0.40	7	0.552990368424475416263319	1.80834975995892930795453	0.597173534530283592211792	0.690645845264127424879349
plant-lam6-b0.40-s10.0	6	10.0	0.40	8	32.2698768441372471654453	0.0309886525080333180859506	0.738231255502158058683391	58.3552240449998021444828
plant-lam6-b0.40-s10.0	6	10.0	0.40	9	0.910416840937429159506444	1.09839795908248986740371	0.567794071377343145721596	0.0282125911212714345413689
plant-lam6-b0.40-s10.0	6	10.0	0.40	10	6.55484423795180222323587	0.152558926451694122022933	0.439802717611769426229653	7.19982753306987813441459
plant-lam6-b0.40-s10.0	6	10.0	0.40	11	17.2363921786508143919097	0.0580167815651474348569512	0.459604950873734593873446	2.62956548667534540463373
plant-lam6-b0.40-s10.0	6	10.0	0.40	12	81.2320371806531136242815	0.0123104139045052557053011	0.107313309462220110190657	4.71282135720188657095865
plant-lam6-b0.40-s10.0	6	10.0	0.40	13	63.936361893474498108615	0.0156405521112714805936496	0.03572893763685057891745	0.787083078456908440008586
plant-lam6-b0.40-s10.0	6	10.0	0.40	14	292.311879186871203700231	0.00342100363071701555332635	0.0129099939927488516428361	4.57191917916595237101125
plant-lam6-b0.40-s10.0	6	10.0	0.40	15	113.456761842245160341871	0.00881393037984320558901614	0.00991525892860571300929102	0.388135994191716443750407
plant-lam6-b0.40-s10.0	6	10.0	0.40	16	206.164713055705243420272	0.00485049058676594302127962	0.0066750943797190296432701	1.81712142765333760255801
plant-lam6-b0.40-s10.0	6	10.0	0.40	17	868.570222682356448569288	0.00115131738791569020196709	0.00611950762255640612568167	4.21299168906596892263656
plant-lam6-b0.40-s10.0	6	10.0	0.40	18	299.448185821831383759434	0.00333947590049849158264907	0.00318821083699122202577675	0.344759903116483126058377
zeta-lam7	7			6	6421706.06630826604815986	0.00000015572185797268725974582	0.00197583190098703613189926	
zeta-lam7	7			7	365410066.571978313926014	2.73665148139267378548321e-9	0.000138496457464130438768362	56.902334488511803545723
zeta-lam7	7			8	57810809182.0959461625705	1.72978031988817205440888e-11	0.00000632409895438756609415149	158.208036588692059033276
zeta-lam7	7			9	21357207744654.4309841179	4.68226002179659202391844e-14	0.000000167867664445571222516784	369.43277644466487251478
zeta-lam7	7			10	43153009400704.4443237718	2.31733548572321739792283e-14	1.58161035181367100366035e-9	2.02053610737130931990896
zeta-lam7	7			11	1114160458518402.02229151	8.97536788668473023185714e-16	6.74659591977778961737486e-12	25.8188356731434375943005
zeta-lam7	7			12	98561363927519681.9311427	1.01459634906775707864526e-17	4.40479527255853805799405e-12	88.462450066290693041196
zeta-lam7	7			13	9748092425968840011515.47	1.02584173015841337658842e-22	2.26593275115282889501163e-13	98903.7898576304012859637
zeta-lam7	7			14	398132152864873976639.452	2.51172881367207718677174e-21	3.12936726068191111514031e-15	0.0408420576526596235091538
zeta-lam7	7			15	39245540920905134862201.6	2.5480601783916923497853e-23	1.43011302594407175990161e-19	98.5741559391840140084997
zeta-lam7	7			16	1.08053906949195462975047e+24	9.25463991292955002644222e-25	1.32320163107021070754154e-18	27.5327857416886317061404
zeta-lam7	7			17	8.55439928512317693239002e+24	1.16898915595287267465591e-25	1.64518281714653258043955e-20	7.91678850552369631564179
zeta-lam7	7			18	8.53944920544524754284904e+26	1.17103571429682146878241e-27	6.57904919889616830439138e-22	99.825235189758691283618
plant-lam7-b0.10-s5.0	7	5.0	0.10	6	17.3765114405790792587291	0.057548950686656043561741	0.664061135480019683243996	
plant-lam7-b0.10-s5.0	7	5.0	0.10	7	11.6450038735411599664483	0.0858737369999609420796547	0.674571669598584897016358	0.670157753664338824918058
plant-lam7-b0.10-s5.0	7	5.0	0.10	8	9.55367714761121011225818	0.104671738907362888166496	0.794866121981171213793819	0.820409958756502088670763
plant-lam7-b0.10-s5.0	7	5.0	0.10	9	8.68050276910085017153065	0.115200700535411808886038	0.960930301339644686572877	0.908603319431964748040327
plant-lam7-b0.10-s5.0	7	5.0	0.10	10	4.46916099892902248768019	0.223755644569447657756904	0.901218242013766396330751	0.51485047788216421553602
plant-lam7-b0.10-s5.0	7	5.0	0.10	11	11.788504830690501791345	0.084828399730267221515769	0.279531609183398736653143	2.6377444969012006572982
plant-lam7-b0.10-s5.0	7	5.0	0.10	12	26.206109856125945760228	0.0381590402196318271691965	0.159475651572253337966206	2.22302236225074735257108
plant-lam7-b0.10-s5.0	7	5.0	0.10	13	16353.3025392527952677457	0.0000611497278668759567899607	0.0742650149833549323089052	624.02632931915470168047
plant-lam7-b0.10-s5.0	7	5.0	0.10	14	29.9838920346052493999743	0.0333512406876956466560019	0.029800758440309810472035	0.00183350683830590064936065
plant-lam7-b0.10-s5.0	7	5.0	0.10	15	1116.47914394730385181776	0.000895672799103534805075018	0.0173783363974457952261677	37.2359646525789249896791
plant-lam7-b0.10-s5.0	7	5.0	0.10	16	35.3007962757877933252762	0.0283279728929481042431905	0.0436440878493023781142055	0.0316179630109184898390903
plant-lam7-b0.10-s5.0	7	5.0	0.10	17	52.717417160770330074601	0.0189690628611477209250868	0.02694726321547100771099	1.49337756431653912309136
plant-lam7-b0.10-s5.0	7	5.0	0.10	18	144.572774451404689227314	0.0069169316546258192157056	0.0132244077568101291221573	2.74241004657922676368741
plant-lam7-b0.20-s5.0	7	5.0	0.20	6	6.41484754749058641984455	0.155888350049907007159237	0.691010302556259815927259	
plant-lam7-b0.20-s5.0	7	5.0	0.20	7	4.85357700524270644751241	0.206033611688827900658569	0.759177338542030817312306	0.756616111187454359985627
plant-lam7-b0.20-s5.0	7	5.0	0.20	8	3.88733668541552737623241	0.257245533619917832861295	0.837375817351601791773999	0.800922017146638108962336
plant-lam7-b0.20-s5.0	7	5.0	0.20	9	7.39438519431718199765834	0.135237747793897930521567	0.954311675416777971155898	1.90217256510334329904837
plant-lam7-b0.20-s5.0	7	5.0	0.20	10	5.51868467858837477167838	0.181202597763891478293506	0.880524788979066374053409	0.746334486716983290045814
plant-lam7-b0.20-s5.0	7	5.0	0.20	11	11.2529373235032618875365	0.0888656864649344929877937	0.277419411760241613021731	2.03906147549304311918782
plant-lam7-b0.20-s5.0	7	5.0	0.20	12	18.6481974518931658207613	0.0536244858292445823642959	0.123951220833536875280994	1.65718486789612840680592
plant-lam7-b0.20-s5.0	7	5.0	0.20	13	530.852851274763753103958	0.00188376119219977723144903	0.0650883982740206854662006	28.466711200597650709104
plant-lam7-b0.20-s5.0	7	5.0	0.20	14	31.2050575379712559345086	0.0320460873620620572506722	0.0222090326374569289792898	0.0587828763903913783430705
plant-lam7-b0.20-s5.0	7	5.0	0.20	15	98.8159587901968571932753	0.0101198228731775061095144	0.0106296324813800332257027	3.1666648481565725615186
plant-lam7-b0.20-s5.0	7	5.0	0.20	16	113.605933101385213144531	0.00880235717185273362402136	0.0235255183216398887285129	1.14967192032807165516658
plant-lam7-b0.20-s5.0	7	5.0	0.20	17	108.431137588107379690553	0.00922244313066839035430826	0.015192921700954772267948	0.954449601600827514849421
plant-lam7-b0.20-s5.0	7	5.0	0.20	18	130.391708876729060408559	0.00766919928126250267427076	0.00554201853531067705557122	1.20253011982630250053124
plant-lam7-b0.30-s5.0	7	5.0	0.30	6	3.01172102308141643201079	0.332036065869360838279083	0.790925622432629264610067	
plant-lam7-b0.30-s5.0	7	5.0	0.30	7	2.10626627390938263808801	0.474773779738649866177795	0.777241771691441320999627	0.699356367262188991254882
plant-lam7-b0.30-s5.0	7	5.0	0.30	8	1.02601533427697674100282	0.974644302665018647188052	0.713929471454995775544636	0.487125178324494569381067
plant-lam7-b0.30-s5.0	7	5.0	0.30	9	6.47400417502308331131266	0.154463910273340912924664	0.925407366357864079225289	6.30985128461579236620583
plant-lam7-b0.30-s5.0	7	5.0	0.30	10	7.2019021636399562505233	0.138852205608772675453203	0.836328558261177068064081	1.11243396960186198688823
plant-lam7-b0.30-s5.0	7	5.0	0.30	11	16.5462406840965106678837	0.0604366888583431665252574	0.249168448057469457565684	2.29748201352040814899174
plant-lam7-b0.30-s5.0	7	5.0	0.30	12	29.6610324334352273451288	0.0337142681140375876071167	0.0893095912268213805003041	1.79261458839675010458977
plant-lam7-b0.30-s5.0	7	5.0	0.30	13	264.594288224104164621461	0.0037793710767974976165766	0.0429906019156615031227575	8.92060277463038618966304
plant-lam7-b0.30-s5.0	7	5.0	0.30	14	54.5617264206800454718494	0.0183278658063315771790371	0.0164007187865861742019418	0.20620901073445601888347
plant-lam7-b0.30-s5.0	7	5.0	0.30	15	95.7476173462862005482705	0.0104441241225183070567552	0.00798492773592626295566599	1.75484948199871904097751
plant-lam7-b0.30-s5.0	7	5.0	0.30	16	274.969486284830602510537	0.00363676716828185588661187	0.0147595475732796478357721	2.87181544466386608349788
plant-lam7-b0.30-s5.0	7	5.0	0.30	17	211.686566702048621812759	0.00472396532089592618255119	0.00941912077397226934885044	0.769854755748317571089917
plant-lam7-b0.30-s5.0	7	5.0	0.30	18	221.698711810674105039089	0.00451062611881109316854294	0.00308202051901028754940365	1.04729702628092455857575
plant-lam7-b0.40-s5.0	7	5.0	0.40	6	1.43863636764039981005682	0.695102683689391520432299	0.717567227096863740953066	
plant-lam7-b0.40-s5.0	7	5.0	0.40	7	0.704180396658275239366368	1.42009065396530789652804	0.577443114736076696645326	0.489477683518627347346898
plant-lam7-b0.40-s5.0	7	5.0	0.40	8	0.0427829410884230077190977	23.3738021407461939768035	0.148748985223287574587474	0.0607556547888178706413862
plant-lam7-b0.40-s5.0	7	5.0	0.40	9	5.66744681676604174405614	0.176446296247843743592715	0.904876801169260376361459	132.469780538291309075074
plant-lam7-b0.40-s5.0	7	5.0	0.40	10	8.95032800329798637053901	0.111727748930712193655418	0.808441166190905855217223	1.57925222638528827806018
plant-lam7-b0.40-s5.0	7	5.0	0.40	11	20.7895045101120233750753	0.0481011945000228166499458	0.23444667261854996901144	2.32276454029970494703609
plant-lam7-b0.40-s5.0	7	5.0	0.40	12	38.7272748120379178370712	0.0258215948541042645924611	0.072917301139365694290272	1.86282817818967045392873
plant-lam7-b0.40-s5.0	7	5.0	0.40	13	188.655753066121247341571	0.00530065997854575762916179	0.0344512324833085063524133	4.87139242256932123730405
plant-lam7-b0.40-s5.0	7	5.0	0.40	14	79.7938602608068654747271	0.012532292543956290175691	0.0143111276819506120280891	0.42296012161813170180712
plant-lam7-b0.40-s5.0	7	5.0	0.40	15	114.835778914937567764558	0.00870808740489086676356189	0.0073151292755903638474387	1.43915557587508503900051
plant-lam7-b0.40-s5.0	7	5.0	0.40	16	396.406154592032489970772	0.00252266517160704890845598	0.0108626094611810175252511	3.45193944202409995267065
plant-lam7-b0.40-s5.0	7	5.0	0.40	17	310.348659603249594979884	0.00322218243596863665053125	0.00679931810490305136730358	0.78290575463604924672854
plant-lam7-b0.40-s5.0	7	5.0	0.40	18	327.477869358549859093709	0.00305364146273077550719976	0.0023655706785268742585817	1.05519343881555113954205
plant-lam7-b0.10-s2.5	7	2.5	0.10	6	23.0905436749285547670697	0.0433077719640611335174923	0.681749341404912582414787	
plant-lam7-b0.10-s2.5	7	2.5	0.10	7	15.8566670198460854636715	0.0630649555009515873269883	0.650975586841330286117225	0.686716919405543105469369
plant-lam7-b0.10-s2.5	7	2.5	0.10	8	12.715736383526879847235	0.078642712450023016467106	0.746312875824375249926522	0.801917349188953744215609
plant-lam7-b0.10-s2.5	7	2.5	0.10	9	10.2014449484531100353685	0.0980253292600117788325678	0.925322989243847645205853	0.80226930165593780604178
plant-lam7-b0.10-s2.5	7	2.5	0.10	10	3.37701090541678967421907	0.296119861027389930679717	0.912680000547350194031888	0.331032605918131302593527
plant-lam7-b0.10-s2.5	7	2.5	0.10	11	8.91819984266161024036422	0.112130252477225602487956	0.292791786692830109615556	2.64085609802344676989119
plant-lam7-b0.10-s2.5	7	2.5	0.10	12	18.8585183668115141600734	0.0530264350862190260927797	0.157985193448670359447928	2.11461042581697130890241
plant-lam7-b0.10-s2.5	7	2.5	0.10	13	107931.80447201227609901	0.00000926510962076344540295656	0.0773392032881065666234808	5723.23882357364334377944
plant-lam7-b0.10-s2.5	7	2.5	0.10	14	81.3223371998968081328925	0.0122967444669220466528953	0.0211955862070542693833208	0.000753460368773732944532301
plant-lam7-b0.10-s2.5	7	2.5	0.10	15	209093.036667076354872151	0.00000478256003136167235776335	0.00730365217405402197073282	2571.16364170779978577617
plant-lam7-b0.10-s2.5	7	2.5	0.10	16	41.2270901653812362474925	0.0242558957226554185390476	0.0367383754906103703945881	0.000197171033634296179258461
plant-lam7-b0.10-s2.5	7	2.5	0.10	17	59.2782562364999565500122	0.0168695920475518411630996	0.0280732785672396170505458	1.43784720189339118443444
plant-lam7-b0.10-s2.5	7	2.5	0.10	18	566.624574193048935187406	0.00176483697591855608616714	0.0164715516087691797174895	9.55872541075450652378281
plant-lam7-b0.20-s2.5	7	2.5	0.20	6	11.0303404689273974301663	0.0906590329479867008782053	0.676225722255586008687513	
plant-lam7-b0.20-s2.5	7	2.5	0.20	7	6.35353457512448555841918	0.157392706087604297186276	0.726668185968293401475848	0.576005300382383421012133
plant-lam7-b0.20-s2.5	7	2.5	0.20	8	5.06725022914954357109798	0.197345691406250903060803	0.857790846986731161352711	0.797548225988879636311655
plant-lam7-b0.20-s2.5	7	2.5	0.20	9	7.85907568192120083079193	0.12724142640595409890209	0.968469059687607362014857	1.55095472426279217850609
plant-lam7-b0.20-s2.5	7	2.5	0.20	10	6.54757600492526458290027	0.152728276731384687677932	0.89430335621667428867616	0.833122910368089006027907
plant-lam7-b0.20-s2.5	7	2.5	0.20	11	10.9727821527428015463738	0.0911345897585359339592964	0.288671233691109553795073	1.67585410913730159932958
plant-lam7-b0.20-s2.5	7	2.5	0.20	12	14.2916867865921243160478	0.0699707469756585399676478	0.156260373925476343877582	1.30246701225356194470132
plant-lam7-b0.20-s2.5	7	2.5	0.20	13	1326.8333979934020847271	0.000753674124808978224121295	0.0937486983521657576241151	92.8395239698495828128663
plant-lam7-b0.20-s2.5	7	2.5	0.20	14	23.0935348156081306266191	0.0433021626175709657687332	0.0287388012128375672248688	0.0174049996408991261611087
plant-lam7-b0.20-s2.5	7	2.5	0.20	15	170.319113135053856350562	0.00587133165264343537532034	0.0143326544110262883169378	7.37518593385456915410612
plant-lam7-b0.20-s2.5	7	2.5	0.20	16	54.5985366435868090264082	0.0183155091962974956079603	0.034490451161880247106784	0.320566116383503704563638
plant-lam7-b0.20-s2.5	7	2.5	0.20	17	66.7633028953961815409865	0.0149782883205581687938721	0.0216342052075075805198814	1.22280388815582397846152
plant-lam7-b0.20-s2.5	7	2.5	0.20	18	106.045549251425836964272	0.00942991013822821503803142	0.0091225134781414768791197	1.58838081179980767346935
plant-lam7-b0.30-s2.5	7	2.5	0.30	6	4.799216937609788491214	0.208367325961731161202455	0.729966136020787518252261	
plant-lam7-b0.30-s2.5	7	2.5	0.30	7	2.8773230109378960096926	0.34754526905689280918238	0.817193237088707678288356	0.599540101717286333131668
plant-lam7-b0.30-s2.5	7	2.5	0.30	8	1.65729820613028676770999	0.603391710858695061140504	0.809891957882533673044184	0.575986150957056314330581
plant-lam7-b0.30-s2.5	7	2.5	0.30	9	7.15605573180772992750788	0.139741784787271995367298	0.946518931669100379964106	4.31790471101563726632665
plant-lam7-b0.30-s2.5	7	2.5	0.30	10	5.77053033381296853592913	0.173294297430585430514709	0.868730811939634979656577	0.806384208016116675775058
plant-lam7-b0.30-s2.5	7	2.5	0.30	11	11.947342954796572237085	0.0837006189395880642203829	0.269562788569428721270523	2.07040640351372657353332
plant-lam7-b0.30-s2.5	7	2.5	0.30	12	20.0685420590802858393783	0.0498292300983337425625782	0.114380236889364104394383	1.6797493915601750213892
plant-lam7-b0.30-s2.5	7	2.5	0.30	13	446.742052462961340038678	0.00223842818128904124210381	0.060289636872928124953208	22.2608125267787850726661
plant-lam7-b0.30-s2.5	7	2.5	0.30	14	33.7112343189513191210804	0.0296637017363031920217401	0.0211073175765329558652442	0.0754601769255789121281528
plant-lam7-b0.30-s2.5	7	2.5	0.30	15	92.4778493245072344085761	0.0108134002607583723841622	0.0101318847333527971884291	2.74323533957697022277311
plant-lam7-b0.30-s2.5	7	2.5	0.30	16	133.871015048361326891959	0.00746987687841723499624007	0.0219173826507838486398376	1.44760086903193836563989
plant-lam7-b0.30-s2.5	7	2.5	0.30	17	120.729626140019630621791	0.00828297106494988604565653	0.0141793730505071176295713	0.901835442843289654356416
plant-lam7-b0.30-s2.5	7	2.5	0.30	18	139.191168860202279949661	0.00718436383707904403357484	0.00500371886032952658778919	1.1529164241656090949888
plant-lam7-b0.40-s2.5	7	2.5	0.40	6	1.83172125451129089584729	0.54593459432603636327791	0.765827269254393308687309	
plant-lam7-b0.40-s2.5	7	2.5	0.40	7	1.15290266647586157973887	0.867375910454568355576729	0.709919144720365270921266	0.629409449519905094926134
plant-lam7-b0.40-s2.5	7	2.5	0.40	8	0.130682029728487781288027	7.65216152578633308503585	0.308783797359230161147121	0.113350444515798057575691
plant-lam7-b0.40-s2.5	7	2.5	0.40	9	6.18827996493427784931181	0.161595791668520676402626	0.921458137475830824123473	47.3537178584644793880559
plant-lam7-b0.40-s2.5	7	2.5	0.40	10	7.32917328887738917082867	0.136441036469635743199104	0.831468679206055690819666	1.18436355989191708962726
plant-lam7-b0.40-s2.5	7	2.5	0.40	11	16.0388095315726966426402	0.0623487670971764637767048	0.247213409152350036476351	2.18835179622685167362457
plant-lam7-b0.40-s2.5	7	2.5	0.40	12	28.2605817802222245876569	0.0353849757155330787518687	0.0879208942260658081579896	1.76201243144578409071186
plant-lam7-b0.40-s2.5	7	2.5	0.40	13	269.367078417444445786714	0.0037124061554778296622105	0.0443874928868780529122445	9.53154752836536621248181
plant-lam7-b0.40-s2.5	7	2.5	0.40	14	50.9007054650033856914881	0.0196460931310185227977903	0.0169565450018365157227357	0.188964092286442573035538
plant-lam7-b0.40-s2.5	7	2.5	0.40	15	91.576903712037033978114	0.0109197839134689830095218	0.00830451394646895491468184	1.79912837897699543572476
plant-lam7-b0.40-s2.5	7	2.5	0.40	16	255.760882990174119596099	0.00390990204721188044188475	0.0156750797696244886267174	2.79285357577072619685709
plant-lam7-b0.40-s2.5	7	2.5	0.40	17	196.854070420474539740083	0.00507990511887323047584685	0.0100321428096581194794965	0.769680132939005081068634
plant-lam7-b0.40-s2.5	7	2.5	0.40	18	206.361214615820482363138	0.00484587184593618867916538	0.00326892299222187834034181	1.04829539046380377376104
plant-lam7-b0.10-s10.0	7	10.0	0.10	6	13.9176757558571284219939	0.0718510775464185542296447	0.668433204717602239494767	
plant-lam7-b0.10-s10.0	7	10.0	0.10	7	8.02796067045803539025945	0.124564636157210395036129	0.700202032870885303797028	0.576817624672678589058386
plant-lam7-b0.10-s10.0	7	10.0	0.10	8	7.1206580111035803584563	0.140436459445272120538907	0.845605394100710859651499	0.886982174353042904490628
plant-lam7-b0.10-s10.0	7	10.0	0.10	9	7.85587135650792636670945	0.127293326814928607774994	0.969764538302103072990688	1.10325075916550028196655
plant-lam7-b0.10-s10.0	7	10.0	0.10	10	6.37067924782675495068339	0.156969133290007088619008	0.896855494579591647362244	0.810944955526694679471958
plant-lam7-b0.10-s10.0	7	10.0	0.10	11	11.2947263964560017038301	0.0885368945558322336567657	0.289479197412546868268415	1.77292341319946357908121
plant-lam7-b0.10-s10.0	7	10.0	0.10	12	14.4694693651669345304004	0.0691110347423900145124497	0.158254349836880170207849	1.28108188346262965189188
plant-lam7-b0.10-s10.0	7	10.0	0.10	13	1396.27121832723486485138	0.000716193234433366801465306	0.0940536850870490455149252	96.4977486796127619080006
plant-lam7-b0.10-s10.0	7	10.0	0.10	14	23.3464174454804163090991	0.0428331242827831766513195	0.0286412951328103029667162	0.0167205462227102002941017
plant-lam7-b0.10-s10.0	7	10.0	0.10	15	178.834650265408288073266	0.00559175751743804240384038	0.0142587009501507863724101	7.66004680088629661104982
plant-lam7-b0.10-s10.0	7	10.0	0.10	16	54.1560142305928798924171	0.0184651698284527238573082	0.0344127615640432210610521	0.302827299688399338161084
plant-lam7-b0.10-s10.0	7	10.0	0.10	17	66.8329273156825338867592	0.0149626844156704653966932	0.0215548574962370859006392	1.23408135301671501660193
plant-lam7-b0.10-s10.0	7	10.0	0.10	18	107.571489774445242103839	0.00929614344931718790061125	0.00914675620668432685377662	1.60955825361854665086251
plant-lam7-b0.20-s10.0	7	10.0	0.20	6	5.14783165872140467718048	0.194256546502605625566494	0.724203483163905728159041	
plant-lam7-b0.20-s10.0	7	10.0	0.20	7	3.36541460316291460477544	0.297140209429224824760156	0.810196082152854859840047	0.653753818359864778329943
plant-lam7-b0.20-s10.0	7	10.0	0.20	8	3.03515377179839356650731	0.329472598486329276997963	0.832186858821774005050569	0.90186622740207631603653
plant-lam7-b0.20-s10.0	7	10.0	0.20	9	6.88768788625491634944686	0.145186602022951996670035	0.933510687760996397004259	2.26930442544722004983491
plant-lam7-b0.20-s10.0	7	10.0	0.20	10	6.67240327579899057775034	0.149871037265842486618425	0.848122240128605012772976	0.96874355894006925478086
plant-lam7-b0.20-s10.0	7	10.0	0.20	11	15.499312299841616275809	0.0645189915948863588076645	0.255639548429509123055861	2.322898011284493689677
plant-lam7-b0.20-s10.0	7	10.0	0.20	12	27.631465969529963021212	0.0361906241638691793102296	0.0962727936663762492732018	1.78275432064249213752749
plant-lam7-b0.20-s10.0	7	10.0	0.20	13	297.124071641127641833935	0.00336559738992746394496378	0.0458519393018892062731793	10.753105606802591194764
plant-lam7-b0.20-s10.0	7	10.0	0.20	14	49.841606592956295330531	0.0200635587084249764565314	0.0170561430136447139391814	0.167746781059045186429584
plant-lam7-b0.20-s10.0	7	10.0	0.20	15	94.838801469664820891219	0.0105442074815745159170291	0.00819265252161930600027413	1.90280386112328107282354
plant-lam7-b0.20-s10.0	7	10.0	0.20	16	241.892335855184111852091	0.00413407062470420356427796	0.0158037932531594756410443	2.5505629774597678419793
plant-lam7-b0.20-s10.0	7	10.0	0.20	17	191.103636776735393554924	0.00523276279230777133480214	0.0101299549675481693727249	0.790035931072843699281146
plant-lam7-b0.20-s10.0	7	10.0	0.20	18	202.628937899516852857295	0.00493512925826960273278919	0.0033457918062083879848203	1.06030916688543380109547
plant-lam7-b0.30-s10.0	7	10.0	0.30	6	2.08202336146851868317866	0.480302007415837797584377	0.777144789322268110537598	
plant-lam7-b0.30-s10.0	7	10.0	0.30	7	1.73625449561936830467677	0.575952432389972484060387	0.740519557595743640440527	0.83392651963075555031277
plant-lam7-b0.30-s10.0	7	10.0	0.30	8	0.793394231694665687512335	1.26040744947695264066449	0.619713165744156623706972	0.456957337588716103522832
plant-lam7-b0.30-s10.0	7	10.0	0.30	9	6.11368476612898282007912	0.163567478248174793999891	0.911564560065276911381244	7.70573382298273093461625
plant-lam7-b0.30-s10.0	7	10.0	0.30	10	8.64712445943314140346257	0.115645380691739757634407	0.814878474076500110491818	1.41438834192759058039299
plant-lam7-b0.30-s10.0	7	10.0	0.30	11	21.1300406540983172197996	0.0473259856130964470348928	0.237047825993841227034048	2.44359159547513765311542
plant-lam7-b0.30-s10.0	7	10.0	0.30	12	40.062122104348506717643	0.0249612338905895328681581	0.0750630108716446362896083	1.89597941434051058654568
plant-lam7-b0.30-s10.0	7	10.0	0.30	13	187.139413152857004286789	0.00534360978883262723283995	0.0338384298164864477461793	4.67123066185613084070871
plant-lam7-b0.30-s10.0	7	10.0	0.30	14	84.4860839297356930084374	0.0118362688088569382055888	0.0140105578469864320325939	0.451460665107070567688749
plant-lam7-b0.30-s10.0	7	10.0	0.30	15	120.942935154480909255244	0.00826836225466742543371579	0.00713368200330689159938349	1.43151309102058966947924
plant-lam7-b0.30-s10.0	7	10.0	0.30	16	411.027899615471028692322	0.00243292487185305449640406	0.0102973726682063683317963	3.3985275707957922422403
plant-lam7-b0.30-s10.0	7	10.0	0.30	17	327.730187934528616465789	0.00305129047251445817008557	0.00643049794833706004120352	0.797342925482990501085735
plant-lam7-b0.30-s10.0	7	10.0	0.30	18	348.285095153460977394522	0.00287121101050672625545955	0.00228068543687494962542496	1.06271899256054697086844
plant-lam7-b0.40-s10.0	7	10.0	0.40	6	0.993974274660560359942188	1.00606225482193430977125	0.651790575676577551798529	
plant-lam7-b0.40-s10.0	7	10.0	0.40	7	0.574621069365428166961334	1.74027729457315401402329	0.47754101805582131917764	0.578104568713973783357102
plant-lam7-b0.40-s10.0	7	10.0	0.40	8	0.0229900684230441616030627	43.4970432274854435235356	0.306176112409487181351913	0.0400090940773069907964145
plant-lam7-b0.40-s10.0	7	10.0	0.40	9	5.40103145714213373525042	0.185149819610407050543092	0.895114772530186076356211	234.928898764320084706484
plant-lam7-b0.40-s10.0	7	10.0	0.40	10	10.1059035743415441311	0.0989520622914864459465803	0.795731770859082302868649	1.87110622378950473394039
plant-lam7-b0.40-s10.0	7	10.0	0.40	11	24.391708210583083063616	0.0409975386457812595145709	0.227732433560410282393321	2.41360983024937862833097
plant-lam7-b0.40-s10.0	7	10.0	0.40	12	47.4383288901878909211428	0.0210800005690512269492255	0.0651122685261090555439035	1.9448547219667596651514
plant-lam7-b0.40-s10.0	7	10.0	0.40	13	149.241117027443581820321	0.00670056630449980122019574	0.0295118037459942119397478	3.14600283186435146051208
plant-lam7-b0.40-s10.0	7	10.0	0.40	14	111.084484936139267444896	0.00900215723712347728612988	0.0132198150068612986775539	0.744328956715810528408413
plant-lam7-b0.40-s10.0	7	10.0	0.40	15	151.245952339402282718622	0.00661174718749469679562644	0.00708443692824796632600799	1.36153984443778277936276
plant-lam7-b0.40-s10.0	7	10.0	0.40	16	444.923740783355665157519	0.00224757617617650267328748	0.00800415195796222185120983	2.9417232917739713443894
plant-lam7-b0.40-s10.0	7	10.0	0.40	17	408.845965212332351797794	0.00244590893658606708570901	0.00497586397543285643377602	0.918912451137125381117547
plant-lam7-b0.40-s10.0	7	10.0	0.40	18	460.689781299620342250046	0.00217065808835387794429844	0.00210390964150912174037353	1.12680525307462220605896
zeta-lam8	8			6	4625594.33590395975347985	0.000000216188434908348778854827	0.00222127101795778943039645	
zeta-lam8	8			7	196318995.908589844176505	5.09375058369603996233597e-9	0.000171925364180609437997807	42.4418964682565657603959
zeta-lam8	8			8	15353604629.2214442829826	6.51312850727424478658127e-11	0.00000923423892424299923639922	78.2074325419349530403891
zeta-lam8	8			9	7122931800917.80878258619	1.4039162917032946036994e-13	0.000000331054481882763978701686	463.925701679280560574127
zeta-lam8	8			10	89619465191718.0105867173	1.11582901980139560271588e-14	6.23255960055423282871388e-9	12.5818227236389239596565
zeta-lam8	8			11	755838648342550.197484231	1.32303369534339364237145e-15	1.99594228419011846345611e-11	8.43386698108079531961519
zeta-lam8	8			12	25494009764712594.3883988	3.92249006425087739256679e-17	2.25816189959518488103584e-12	33.7294339481282652384774
zeta-lam8	8			13	2901467250420693750.36887	3.44653209459802294420414e-19	3.51693423646444789945723e-13	113.809764615244835942123
zeta-lam8	8			14	16206034103837512804610.4	6.17054113049906944230944e-23	1.23463244200885314002722e-14	5585.46166650260966708752
zeta-lam8	8			15	7931675603991885101534.63	1.26076764851138899420074e-22	1.44165302954828311057588e-16	0.489427305482079761255173
zeta-lam8	8			16	682986620168736771145356.0	1.46415752588673374982617e-24	4.37561335793244237439083e-20	86.1087435074879462828696
zeta-lam8	8			17	3.05039249284324140143046e+25	3.27826665698324497118606e-26	8.94270976100044145971805e-20	44.6625512530482651691643
zeta-lam8	8			18	9.95926782910478627072841e+25	1.00408987604251175585222e-26	1.9449971831106500853499e-21	3.26491356521201271709979
plant-lam8-b0.10-s5.0	8	5.0	0.10	6	15.533254317651802001503	0.064378009884484548499813	0.659908202606301376436593	
plant-lam8-b0.10-s5.0	8	5.0	0.10	7	10.8158480432674053693034	0.0924569202525432080994345	0.65735564924409437628095	0.696302772238551885463622
plant-lam8-b0.10-s5.0	8	5.0	0.10	8	7.27019232159389898514282	0.137547943130720711530704	0.740920293091978451507202	0.672179591698259083352629
plant-lam8-b0.10-s5.0	8	5.0	0.10	9	12.0814276477580613094346	0.0827716747685501406902445	0.877362073851146002247616	1.66177552303174271320227
plant-lam8-b0.10-s5.0	8	5.0	0.10	10	0.583016173136214902199928	1.71521828394692184499767	0.834850936933646143758922	0.0482572250676354993673602
plant-lam8-b0.10-s5.0	8	5.0	0.10	11	14.625527096468915562284	0.0683736041377567150739743	0.954807646176412037967219	25.0859714882246198158645
plant-lam8-b0.10-s5.0	8	5.0	0.10	12	107.358637243005588925151	0.00931457426882670272925228	0.652307171042724198063935	7.34049696362228910836998
plant-lam8-b0.10-s5.0	8	5.0	0.10	13	19870.4489899541313427973	0.0000503259891362076557457836	0.0388709519164588711621806	185.084772871860296717376
plant-lam8-b0.10-s5.0	8	5.0	0.10	14	810.761825302827284928379	0.00123340785023578342444003	0.00641165760832966593809502	0.0408023908122419752028762
plant-lam8-b0.10-s5.0	8	5.0	0.10	15	96.767017639753886442671	0.0103340996177315211304957	0.00225443236488041553121898	0.119353199200776974398349
plant-lam8-b0.10-s5.0	8	5.0	0.10	16	67.3319169599360618564676	0.0148517975597668116111229	0.00404877729856789379631899	0.695814737316805781188386
plant-lam8-b0.10-s5.0	8	5.0	0.10	17	93.7983804583768364627018	0.0106611648848644184160601	0.00553713532658079567822187	1.3930745580018000881189
plant-lam8-b0.10-s5.0	8	5.0	0.10	18	1625.59362645944928744289	0.000615159892191509630014484	0.00508644806445790106147457	17.3307216874688870610065
plant-lam8-b0.20-s5.0	8	5.0	0.20	6	7.17955921567644875441848	0.139284316760911525877992	0.678024737946055477290105	
plant-lam8-b0.20-s5.0	8	5.0	0.20	7	4.91628801756816373862451	0.203405495452369541930157	0.729955292349714909793031	0.684761817526837886813799
plant-lam8-b0.20-s5.0	8	5.0	0.20	8	3.85617328066525172151743	0.259324446080774660057084	0.822069842733563173798856	0.784366836703904796292707
plant-lam8-b0.20-s5.0	8	5.0	0.20	9	7.53278704658908638141469	0.132752989539616546033728	0.847349672789609948191709	1.95343582830114932847715
plant-lam8-b0.20-s5.0	8	5.0	0.20	10	0.486389646921025234251509	2.05596481407501944542564	0.895334594503601557109423	0.0645696797098846480894009
plant-lam8-b0.20-s5.0	8	5.0	0.20	11	11.3063501782501845278118	0.0884458719422719980866327	0.970892186664507837932911	23.2454581420932035983488
plant-lam8-b0.20-s5.0	8	5.0	0.20	12	37.8322554677214602797204	0.0264324711185459605733824	0.660642550407098758951199	3.34610682238541189152561
plant-lam8-b0.20-s5.0	8	5.0	0.20	13	122.385712540827069781036	0.00817088840877897874526587	0.0584751988005400546921481	3.23495681205807969161241
plant-lam8-b0.20-s5.0	8	5.0	0.20	14	343.708667162877230948842	0.00290944074309920834249507	0.0186654172825120828622161	2.80840516451802556057057
plant-lam8-b0.20-s5.0	8	5.0	0.20	15	3912.0761533263099490065	0.000255618745854354809149637	0.00659579732454090593610926	11.3819537505943917303718
plant-lam8-b0.20-s5.0	8	5.0	0.20	16	273.19494016580050956727	0.00366038990104686964257662	0.00235090027036156328194574	0.0698337479789374291419449
plant-lam8-b0.20-s5.0	8	5.0	0.20	17	74.0372790063653003454129	0.013506709233790530565673	0.00346355514298056852467825	0.271005308375888960905555
plant-lam8-b0.20-s5.0	8	5.0	0.20	18	299.950791122894785317277	0.00333388018833490427428498	0.00591204651005265552233491	4.05134812014237770311287
plant-lam8-b0.30-s5.0	8	5.0	0.30	6	4.54256882746088905283129	0.220139757477039542869627	0.726717462081088104366889	
plant-lam8-b0.30-s5.0	8	5.0	0.30	7	3.05162721405289551555111	0.327694023501609281324185	0.785130250619495833237397	0.671784474811938255140118
plant-lam8-b0.30-s5.0	8	5.0	0.30	8	2.92316420228125701304195	0.342095048652960812510466	0.776648847422287399246403	0.957903438801417182799564
plant-lam8-b0.30-s5.0	8	5.0	0.30	9	5.36625719580696193477576	0.186349622001228539416877	0.765692445846633521877905	1.83577001648388370052554
plant-lam8-b0.30-s5.0	8	5.0	0.30	10	0.462077639080713135233777	2.16413848112075728059345	0.910712279457189126862985	0.0861079933779110008345172
plant-lam8-b0.30-s5.0	8	5.0	0.30	11	10.6133310921793754082509	0.0942211254237482566195676	0.975477687264367840167346	22.9687182294607814762704
plant-lam8-b0.30-s5.0	8	5.0	0.30	12	31.3272643683083057641225	0.0319210764222245014682232	0.662961109999780002960232	2.95169010522929657667055
plant-lam8-b0.30-s5.0	8	5.0	0.30	13	75.6508138884726921647833	0.0132186284403263399548302	0.066303352849801412923536	2.41485541153741951024237
plant-lam8-b0.30-s5.0	8	5.0	0.30	14	220.669940975430744486766	0.00453165481252083801022361	0.0232302768105508253512783	2.91695395770296359889344
plant-lam8-b0.30-s5.0	8	5.0	0.30	15	374.408600330722582222833	0.00267087881826614041562815	0.00925726482360451076268378	1.69669053553791001157402
plant-lam8-b0.30-s5.0	8	5.0	0.30	16	8124.55162265064349321657	0.000123083715440009592867602	0.0035076599322176184284842	21.6996928368474042657463
plant-lam8-b0.30-s5.0	8	5.0	0.30	17	87.1990980076353063572177	0.0114680085327538392833517	0.00318453171394700215375661	0.0107327889657972914843712
plant-lam8-b0.30-s5.0	8	5.0	0.30	18	256.49068794763114173095	0.00389877701994457787559175	0.00556114470920729582359909	2.94143739795533625894827
plant-lam8-b0.40-s5.0	8	5.0	0.40	6	2.60101249006142863925918	0.384465666282280250518292	0.785449937269256619490598	
plant-lam8-b0.40-s5.0	8	5.0	0.40	7	2.20045677593626518946399	0.454451098942633515601032	0.745697200008665487595151	0.84600008048569445958585
plant-lam8-b0.40-s5.0	8	5.0	0.40	8	2.39134041687087719262899	0.41817551066548798932918	0.745272879466022817963134	1.08674728039290548856724
plant-lam8-b0.40-s5.0	8	5.0	0.40	9	3.8830488094655529862248	0.257529598279151151015024	0.717151214147142869294846	1.62379591883727279212487
plant-lam8-b0.40-s5.0	8	5.0	0.40	10	0.451740636836263022158782	2.21365960566097562261177	0.915055314036664011677488	0.116336584730810726651919
plant-lam8-b0.40-s5.0	8	5.0	0.40	11	9.94415764615321663667057	0.100561559418442901874281	0.977922548397999747070589	22.0129800936141051009273
plant-lam8-b0.40-s5.0	8	5.0	0.40	12	28.135792246075103198395	0.0355419172580611572211574	0.664841958041981325228972	2.82937914373864656269605
plant-lam8-b0.40-s5.0	8	5.0	0.40	13	62.2338169798581569039124	0.0160684343099772890785624	0.0727115692330308088385936	2.21190917375144011256375
plant-lam8-b0.40-s5.0	8	5.0	0.40	14	160.132926692308612433795	0.00624481186134488646864679	0.0260930678480070198695424	2.57308541341976975482201
plant-lam8-b0.40-s5.0	8	5.0	0.40	15	218.886155617738516319589	0.00456858496681897994378522	0.0112183623443455257178603	1.36690286088583614195579
plant-lam8-b0.40-s5.0	8	5.0	0.40	16	2485.64704413053981062632	0.000402309733540544690290506	0.00497891364218483409807253	11.3558897186328177967638
plant-lam8-b0.40-s5.0	8	5.0	0.40	17	105.329879922453705987469	0.00949398215146759050012612	0.00377996287105408329000773	0.0423752359254599184816983
plant-lam8-b0.40-s5.0	8	5.0	0.40	18	250.92491854811463508162	0.0039852558517748442308848	0.00529859864995001010714397	2.38227669805425928832479
plant-lam8-b0.10-s2.5	8	2.5	0.10	6	20.7647263244960551041728	0.0481585928161405362052087	0.672813671158870660830964	
plant-lam8-b0.10-s2.5	8	2.5	0.10	7	13.6753335110723403137492	0.0731243592114475460204326	0.64132003154798197918944	0.658584818184654344166638
plant-lam8-b0.10-s2.5	8	2.5	0.10	8	10.004828928423749680778	0.0999517340230572990577496	0.703475999038195154244857	0.731596704411140101052784
plant-lam8-b0.10-s2.5	8	2.5	0.10	9	14.5143349203124842794846	0.0688974042207419755671261	0.871423509369592975266697	1.4507329434766459864642
plant-lam8-b0.10-s2.5	8	2.5	0.10	10	0.666546272742804780021556	1.50027093525712732208274	0.795053180866965035062868	0.0459233079849899500744275
plant-lam8-b0.10-s2.5	8	2.5	0.10	11	22.512214932158728323146	0.0444203292751749051051819	0.936080906775211753598173	33.7744217509792424494343
plant-lam8-b0.10-s2.5	8	2.5	0.10	12	1777.60591059792762846488	0.000562554385107570434793452	0.640395226412712141763425	78.9618398702570697377951
plant-lam8-b0.10-s2.5	8	2.5	0.10	13	121.991818434570134676519	0.00819727103696176428395873	0.026831401209234129888949	0.0686270324076139778025671
plant-lam8-b0.10-s2.5	8	2.5	0.10	14	1763.57043169582488887575	0.000567031507235247677209998	0.00331580788432559887171901	14.4564648213823407771598
plant-lam8-b0.10-s2.5	8	2.5	0.10	15	33.9604043605951946047622	0.029446056925055820088789	0.00185238174213947358479651	0.0192566192709067708566389
plant-lam8-b0.10-s2.5	8	2.5	0.10	16	57.4621576147723753015061	0.0174027575975135318185197	0.00763508423123492491001075	1.69203396416111712678568
plant-lam8-b0.10-s2.5	8	2.5	0.10	17	172.592378147067487645228	0.0057939986153264032333109	0.00537448474677867883247082	3.00358332007180718170219
plant-lam8-b0.10-s2.5	8	2.5	0.10	18	9217.04618872959545736381	0.000108494628270690272911251	0.00471798962909570773433258	53.4035528548987783670535
plant-lam8-b0.20-s2.5	8	2.5	0.20	6	11.7793584206708644618362	0.084894267097362629805329	0.666312305037500480037389	
plant-lam8-b0.20-s2.5	8	2.5	0.20	7	6.69871615876051192549423	0.149282336540295159464713	0.693976504545022117750872	0.568682598791233909995967
plant-lam8-b0.20-s2.5	8	2.5	0.20	8	5.27880119524014525260769	0.189436950363217384946772	0.783819760978999208425352	0.78803177655715169785338
plant-lam8-b0.20-s2.5	8	2.5	0.20	9	8.69463526571582924680579	0.11501345018383241043089	0.878332050727269612971635	1.64708518925768894351497
plant-lam8-b0.20-s2.5	8	2.5	0.20	10	0.520993297160260369587305	1.91941049040482101522695	0.870534607420343305025517	0.0599212366290522016398187
plant-lam8-b0.20-s2.5	8	2.5	0.20	11	11.9252459483195554580162	0.0838557128577222237488458	0.965144170432488754986738	22.8894421738621427898829
plant-lam8-b0.20-s2.5	8	2.5	0.20	12	49.8771112236480780453666	0.0200492766214149375536335	0.658372786444995396435478	4.18248071694290757484173
plant-lam8-b0.20-s2.5	8	2.5	0.20	13	325.870057214054178562736	0.00306870784185958596270083	0.0515307823136472297187939	6.53345891972088455922804
plant-lam8-b0.20-s2.5	8	2.5	0.20	14	491.834628098894345729334	0.00203320372919925363097126	0.013565647874750138403556	1.50929678014517014445417
plant-lam8-b0.20-s2.5	8	2.5	0.20	15	964.936768353714481790887	0.00103633733607861906678677	0.00432750849121359575722888	1.96191303585824863013068
plant-lam8-b0.20-s2.5	8	2.5	0.20	16	105.692825831758230154113	0.00946138010910787203987696	0.00251099565171223006615866	0.109533421565105779766938
plant-lam8-b0.20-s2.5	8	2.5	0.20	17	73.8826534242148404271543	0.0135349767997402851344948	0.00457566169367595577629537	0.699031867515976902696479
plant-lam8-b0.20-s2.5	8	2.5	0.20	18	446.692312728929803962714	0.00223867743299813339439994	0.00582186225548076387995397	6.0459700894083969515413
plant-lam8-b0.30-s2.5	8	2.5	0.30	6	5.50865177805623247714552	0.181532621826543774499585	0.705005645044783537537761	
plant-lam8-b0.30-s2.5	8	2.5	0.30	7	4.38068295390401291251511	0.228274908392722602769417	0.742261324591712894497223	0.795236862013043870032527
plant-lam8-b0.30-s2.5	8	2.5	0.30	8	3.38830627459361638672695	0.295132706124666104899267	0.819140256358960039358541	0.773465304439344977205739
plant-lam8-b0.30-s2.5	8	2.5	0.30	9	6.07470393987820709803894	0.164617075975565846488876	0.82294959034975429851415	1.79284381268242624987349
plant-lam8-b0.30-s2.5	8	2.5	0.30	10	0.478295835447147956709936	2.09075623471637092902558	0.897831712937175879371986	0.0787356618825998953059173
plant-lam8-b0.30-s2.5	8	2.5	0.30	11	10.6946497405840042292728	0.0935046985414776997264147	0.972495304025849114002985	22.3599056232338258132998
plant-lam8-b0.30-s2.5	8	2.5	0.30	12	34.5627439331819027942038	0.0289328880233942225302357	0.661933214171849767236242	3.23177895223846108100982
plant-lam8-b0.30-s2.5	8	2.5	0.30	13	103.036593580174812103812	0.00970528979320225890830685	0.0628044807761609435879392	2.9811462243671778579927
plant-lam8-b0.30-s2.5	8	2.5	0.30	14	306.995305997631951089013	0.00325737879525660770952889	0.0205501174892767701523441	2.97947840985982159252128
plant-lam8-b0.30-s2.5	8	2.5	0.30	15	1573.44220891113920518569	0.000635549239963522175098067	0.00741283739670734181303506	5.12529728686886228756979
plant-lam8-b0.30-s2.5	8	2.5	0.30	16	378.02201384894200877316	0.00264534858649687275506389	0.00255400119334364647559635	0.240251603591175147649597
plant-lam8-b0.30-s2.5	8	2.5	0.30	17	73.485739082678777109788	0.013608082499856201760491	0.00342042262500370279878583	0.194395396010042301755503
plant-lam8-b0.30-s2.5	8	2.5	0.30	18	277.575271716195194043566	0.00360262639325610634535045	0.00603498610658580622269243	3.77726719743398595124433
plant-lam8-b0.40-s2.5	8	2.5	0.40	6	4.2236522310674226114613	0.236761917244137066654439	0.735811795745337387322697	
plant-lam8-b0.40-s2.5	8	2.5	0.40	7	2.78714444260716316817442	0.358790159818403781835592	0.788844683997678863140109	0.659889661868013698189103
plant-lam8-b0.40-s2.5	8	2.5	0.40	8	2.83425190053311970423324	0.352826789958895709337462	0.768727244788076004295215	1.0169016923578926775189
plant-lam8-b0.40-s2.5	8	2.5	0.40	9	4.32741751542713077913424	0.23108470500824707456124	0.753185147187068963961288	1.52682883078005460433986
plant-lam8-b0.40-s2.5	8	2.5	0.40	10	0.460366539958723665532459	2.17218219223677663170569	0.907706718742952937686055	0.106383666082029047606627
plant-lam8-b0.40-s2.5	8	2.5	0.40	11	9.93722997000721472441061	0.100631665264688844699056	0.976183052087758389303199	21.5854739810112697766681
plant-lam8-b0.40-s2.5	8	2.5	0.40	12	29.4440935270481239327285	0.0339626689163099391076659	0.664202159806498940126388	2.96300816383609834536214
plant-lam8-b0.40-s2.5	8	2.5	0.40	13	72.1157257863846972523493	0.0138666010651008101145984	0.0706925036170887097916097	2.44924251854237869708935
plant-lam8-b0.40-s2.5	8	2.5	0.40	14	215.890358242982609680404	0.00463198082646427966364349	0.0246147535921929210948091	2.99366547155713811592593
plant-lam8-b0.40-s2.5	8	2.5	0.40	15	375.121432874259917581863	0.00266580342354151313499238	0.00967937049872810113137184	1.73755528466937925985985
plant-lam8-b0.40-s2.5	8	2.5	0.40	16	5068.03918756079647910219	0.000197314969950201069662284	0.00358933450632580921925739	13.5103962168421200633172
plant-lam8-b0.40-s2.5	8	2.5	0.40	17	82.202595010017325361757	0.0121650660770275996160357	0.0033513034398082730591386	0.016219802564230116950752
plant-lam8-b0.40-s2.5	8	2.5	0.40	18	245.89868716719008717457	0.00406671548970119341370328	0.00585369220800438852226422	2.99137377764320606624754
plant-lam8-b0.10-s10.0	8	10.0	0.10	6	12.6283388046251426512506	0.079186979021638928938407	0.664170104917542671196002	
plant-lam8-b0.10-s10.0	8	10.0	0.10	7	7.31110393478101065249758	0.136778249758249809324737	0.688921869261960884560492	0.578944233908525718644136
plant-lam8-b0.10-s10.0	8	10.0	0.10	8	5.60863013020209936882265	0.178296656542756610382778	0.774403936782581017777312	0.767138612750427894590282
plant-lam8-b0.10-s10.0	8	10.0	0.10	9	10.0213913431068770550063	0.0997865431817350302767707	0.882408439322132765442739	1.78678057038248122621476
plant-lam8-b0.10-s10.0	8	10.0	0.10	10	0.524878839767792983322808	1.9052015898419551021448	0.870557584513552357595677	0.0523758450096678563822758
plant-lam8-b0.10-s10.0	8	10.0	0.10	11	12.3719048105584421246215	0.0808282972842289492150608	0.964550379512933517095031	23.5709727144492762916929
plant-lam8-b0.10-s10.0	8	10.0	0.10	12	52.5894983572843458878465	0.0190152032484920381905541	0.657671811716357417493297	4.25071960725104908071168
plant-lam8-b0.10-s10.0	8	10.0	0.10	13	364.228750001667188969217	0.00274552736431548219920456	0.0494403707642559667793791	6.92588371022589639220108
plant-lam8-b0.10-s10.0	8	10.0	0.10	14	509.211100979835335735853	0.00196382207315547076570843	0.012861385354668007243007	1.39805301195335216447341
plant-lam8-b0.10-s10.0	8	10.0	0.10	15	842.069303359177613195769	0.00118755071110038833708444	0.00410681874908704987750273	1.65367428506340320329412
plant-lam8-b0.10-s10.0	8	10.0	0.10	16	104.579528343584322055341	0.00956210087996010128994008	0.00249186488664262990577246	0.124193493250966778888761
plant-lam8-b0.10-s10.0	8	10.0	0.10	17	75.5227766964832328407482	0.0132410385812332777965361	0.00453121996900819442996622	0.72215640950647255228143
plant-lam8-b0.10-s10.0	8	10.0	0.10	18	467.766514212522763956167	0.00213781869718375108321101	0.00570213897293913929608182	6.19371446169701829261326
plant-lam8-b0.20-s10.0	8	10.0	0.20	6	5.07077992432182015616959	0.197208321978939503867688	0.714580785702812438804486	
plant-lam8-b0.20-s10.0	8	10.0	0.20	7	3.70469058305863779710216	0.269928075659799849003283	0.763580739962695988863642	0.730595813336172965876376
plant-lam8-b0.20-s10.0	8	10.0	0.20	8	3.0803076247142258357746	0.324642899941779208952409	0.798397569559044914447271	0.83146150957931991063601
plant-lam8-b0.20-s10.0	8	10.0	0.20	9	6.80659628774454132597472	0.14691630849335471052994	0.789419847534505382523299	2.20971315758633693502019
plant-lam8-b0.20-s10.0	8	10.0	0.20	10	0.467254487328046639134152	2.14016136199870726547256	0.90997681291003352812312	0.0686473044051915994129417
plant-lam8-b0.20-s10.0	8	10.0	0.20	11	11.1614381613651609442976	0.089594188987352639900166	0.974232530711201731498824	23.88727869729160984941
plant-lam8-b0.20-s10.0	8	10.0	0.20	12	33.5030583994458047539323	0.0298480212784556299342823	0.661824129954219080816338	3.00167934589425968235735
plant-lam8-b0.20-s10.0	8	10.0	0.20	13	83.6470774142671233874082	0.0119549903106290319492141	0.0624062141342357838197804	2.49669974654167043202838
plant-lam8-b0.20-s10.0	8	10.0	0.20	14	246.371850093258725044048	0.00405890526706468969453684	0.0216707509247855357168613	2.9453730806766564193202
plant-lam8-b0.20-s10.0	8	10.0	0.20	15	480.224509394527879521365	0.0020823593557538546600356	0.00848357542132639324218252	1.94918579055500576798944
plant-lam8-b0.20-s10.0	8	10.0	0.20	16	2482.50941724041541147838	0.000402818210096302846882096	0.00311331751611893091504539	5.16947671073762860894713
plant-lam8-b0.20-s10.0	8	10.0	0.20	17	85.562513192173782987555	0.0116873612367368824007561	0.00304257399503778330453255	0.0344661384154127428787685
plant-lam8-b0.20-s10.0	8	10.0	0.20	18	266.431063051784252521622	0.00375331610565858580458055	0.00551296112400938630918736	3.11387607857402349493403
plant-lam8-b0.30-s10.0	8	10.0	0.30	6	2.96846937190995691994194	0.336873949067086135987702	0.77793371133005280203562	
plant-lam8-b0.30-s10.0	8	10.0	0.30	7	2.22025930033599126421592	0.450397843102681862112144	0.764084607025061420695399	0.747947518457111021356221
plant-lam8-b0.30-s10.0	8	10.0	0.30	8	2.50156587680494056797199	0.399749616539071032889503	0.751722619768806642468999	1.12669987529221440598431
plant-lam8-b0.30-s10.0	8	10.0	0.30	9	5.0638509940416207303646	0.197478164578035531066655	0.732403230049998695458097	2.02427249307913156073744
plant-lam8-b0.30-s10.0	8	10.0	0.30	10	0.453677525145296464122981	2.20420881479578749910846	0.917578420911717515957089	0.0895914049759987081510654
plant-lam8-b0.30-s10.0	8	10.0	0.30	11	10.6195519239562871892663	0.0941659315911562991049985	0.977089211113888423244847	23.4077099599660126405137
plant-lam8-b0.30-s10.0	8	10.0	0.30	12	29.9725515042146291716837	0.0333638595919798053923999	0.663588901646668062939086	2.82239323455828360173683
plant-lam8-b0.30-s10.0	8	10.0	0.30	13	65.6896610938680215584907	0.0152230957406073098905733	0.0681553522723846064475411	2.19166062938055122652714
plant-lam8-b0.30-s10.0	8	10.0	0.30	14	164.831887835512439081529	0.00606678727721611149561358	0.0245729574172014870015004	2.5092516096250512678634
plant-lam8-b0.30-s10.0	8	10.0	0.30	15	225.188021431164903531479	0.00444073354188459052537402	0.0106959417008066241297264	1.36616782340006028813946
plant-lam8-b0.30-s10.0	8	10.0	0.30	16	2154.53983117880695790333	0.0004641362324932619044327	0.00483940692114839335373008	9.56773729564209114752722
plant-lam8-b0.30-s10.0	8	10.0	0.30	17	112.34207712963232911214	0.00890138428583702278091889	0.00363428176874813518028816	0.0521420284294149916923802
plant-lam8-b0.30-s10.0	8	10.0	0.30	18	263.210949856399635026553	0.00379923403849866958250769	0.00502852485173203354655044	2.3429418129119922791222
plant-lam8-b0.40-s10.0	8	10.0	0.40	6	2.10478877503445874251792	0.475107056756148088191317	0.735642650135506523445104	
plant-lam8-b0.40-s10.0	8	10.0	0.40	7	2.00700107193542779415605	0.498255837519639091903418	0.703546235105030495698782	0.953540372193675344923954
plant-lam8-b0.40-s10.0	8	10.0	0.40	8	1.90148832746249801370212	0.525903833096089535865305	0.700062288922752401858315	0.947427659133644701675552
plant-lam8-b0.40-s10.0	8	10.0	0.40	9	3.6613296519523793252053	0.273124819412738962026579	0.698890408081694829654547	1.92550729819012768750141
plant-lam8-b0.40-s10.0	8	10.0	0.40	10	0.447384321151449907372689	2.23521467499411304696587	0.91884883904984595398606	0.122191761922580567877747
plant-lam8-b0.40-s10.0	8	10.0	0.40	11	9.96261986252502206585128	0.100375203892056400845976	0.978827427256186406287644	22.268594118103762401062
plant-lam8-b0.40-s10.0	8	10.0	0.40	12	27.5560504235696905917805	0.0362896708573542050937244	0.665223946989536647744046	2.76594417972559484017696
plant-lam8-b0.40-s10.0	8	10.0	0.40	13	58.0242941420909204155997	0.0172341605319865204636498	0.0737584607881807709629775	2.10568253614678519219519
plant-lam8-b0.40-s10.0	8	10.0	0.40	14	127.283671589276402757585	0.00785646727120534752679638	0.0267786932753229011552029	2.19362722927024136996573
plant-lam8-b0.40-s10.0	8	10.0	0.40	15	171.500517710307700731269	0.0058308861882805673313318	0.0124090423998423385533699	1.34738820438580551729059
plant-lam8-b0.40-s10.0	8	10.0	0.40	16	532.757987993711194399817	0.00187702488284756463303359	0.00636373068260897029811987	3.10645119388867492122397
plant-lam8-b0.40-s10.0	8	10.0	0.40	17	137.594176567760146116239	0.00726774944219776798373778	0.00453397041434297724388725	0.258267693152607111038349
plant-lam8-b0.40-s10.0	8	10.0	0.40	18	266.199261429057094236218	0.0037565844271378754933478	0.00492484121905578387271897	1.93466953376448751042673
