class,j,k,M_jk,C_jk,diag,pred,resid
F1,0,0,1.0,1.0,True,9.44836861845645,-8.44836861845645
F1,0,1,4.254383152107135,3.660339696977052,False,12.267398736438274,-8.01301558433114
F1,0,2,6.851503693950184,5.128188329195176,False,13.822805178541598,-6.9713014845914145
F1,0,3,5.320609396709497,3.4004212240425264,False,11.99197601344735,-6.671366616737852
F1,0,4,2.8713755602991053,1.0634493999480994,False,9.515602802731795,-6.64422724243269
F1,0,5,1.050880973086056,0.13550474105253843,False,8.532305840986867,-7.481424867900811
F1,0,6,0.12060230294212496,0.004812368424230542,False,8.39381761143921,-8.273215308497086
F1,0,7,0.0008283089756985599,1.0963226099890265e-05,False,8.388729800330898,-8.3879014913552
F1,1,0,4.254383152107135,3.660339696977052,False,12.267398736438274,-8.01301558433114
F1,1,1,18.865715289923028,13.398086697266057,True,22.586006584261042,-3.720291294338015
F1,1,2,30.602647980347015,18.770911314927524,False,28.279322529225677,2.323325451121338
F1,1,3,23.41677946225406,12.446696792806158,False,21.577865857847847,1.838913604406212
F1,1,4,12.190558024287576,3.892586054356454,False,12.513498690135183,-0.3229406658476073
F1,1,5,4.235294054923174,0.49599338280320243,False,8.914297787143301,-4.679003732220127
F1,1,6,0.46068619231259883,0.017614903179689955,False,8.40738382296594,-7.9466976306533414
F1,1,7,0.002870123821633067,4.012913170036324e-05,False,8.388760705995463,-8.385890582173829
F1,2,0,6.851503693950184,5.128188329195176,False,13.822805178541598,-6.9713014845914145
F1,2,1,30.602647980347015,18.770911314927524,False,28.279322529225677,2.323325451121338
F1,2,2,50.64408773748923,26.298315539693608,True,36.25573969277494,14.388348044714292
F1,2,3,38.74502901376918,17.438000435482458,False,26.866902935588463,11.878126078180713
F1,2,4,19.727477567754242,5.453568801503456,False,14.167594737665372,5.5598828300888705
F1,2,5,6.779641028353178,0.694893831616242,False,9.125062734311962,-2.345421705958784
F1,2,6,0.7257073124774698,0.024678731588926445,False,8.414869011814764,-7.689161699337294
F1,2,7,0.004157493334117963,5.62214881357852e-05,False,8.388777758267965,-8.384620264933847
F1,3,0,5.320609396709497,3.4004212240425264,False,11.99197601344735,-6.671366616737852
F1,3,1,23.41677946225406,12.446696792806158,False,21.577865857847847,1.838913604406212
F1,3,2,38.74502901376918,17.438000435482458,False,26.866902935588463,11.878126078180713
F1,3,3,30.87098014118837,11.562864500918874,True,20.64131258500592,10.229667556182449
F1,3,4,15.895025967519897,3.6161759102788062,False,12.220600560638413,3.6744254068814843
F1,3,5,5.364003318336459,0.4607731974334383,False,8.87697670238443,-3.5129733840479718
F1,3,6,0.5870066795262472,0.016364079727665626,False,8.406058387350503,-7.819051707824256
F1,3,7,0.003544950058604475,3.727958671404383e-05,False,8.388757686473879,-8.385212736415275
F1,4,0,2.8713755602991053,1.0634493999480994,False,9.515602802731795,-6.64422724243269
F1,4,1,12.190558024287576,3.892586054356454,False,12.513498690135183,-0.3229406658476073
F1,4,2,19.727477567754242,5.453568801503456,False,14.167594737665372,5.5598828300888705
F1,4,3,15.895025967519897,3.6161759102788062,False,12.220600560638413,3.6744254068814843
F1,4,4,10.354162395016642,1.1309246262499726,True,9.587102955655409,0.7670594393612333
F1,4,5,4.066332889462679,0.1441024355624446,False,8.541416391716977,-4.475083502254298
F1,4,6,0.45281909754405514,0.005117710313077151,False,8.394141167104646,-7.941322069560591
F1,4,7,0.0027857426089732485,1.1658836217423645e-05,False,8.388730537434462,-8.38594479482549
F1,5,0,1.050880973086056,0.13550474105253843,False,8.532305840986867,-7.481424867900811
F1,5,1,4.235294054923174,0.49599338280320243,False,8.914297787143301,-4.679003732220127
F1,5,2,6.779641028353178,0.694893831616242,False,9.125062734311962,-2.345421705958784
F1,5,3,5.364003318336459,0.4607731974334383,False,8.87697670238443,-3.5129733840479718
F1,5,4,4.066332889462679,0.1441024355624446,False,8.541416391716977,-4.475083502254298
F1,5,5,2.2503265383138458,0.018361534847715494,True,8.408174991537983,-6.157848453224137
F1,5,6,0.31228098563922524,0.000652098737174772,False,8.389409179854303,-8.077128194215078
F1,5,7,0.002379006518898189,1.4855691137660611e-06,False,8.388719757327546,-8.386340750808648
F1,6,0,0.12060230294212496,0.004812368424230542,False,8.39381761143921,-8.273215308497086
F1,6,1,0.46068619231259883,0.017614903179689955,False,8.40738382296594,-7.9466976306533414
F1,6,2,0.7257073124774698,0.024678731588926445,False,8.414869011814764,-7.689161699337294
F1,6,3,0.5870066795262472,0.016364079727665626,False,8.406058387350503,-7.819051707824256
F1,6,4,0.45281909754405514,0.005117710313077151,False,8.394141167104646,-7.941322069560591
F1,6,5,0.31228098563922524,0.000652098737174772,False,8.389409179854303,-8.077128194215078
F1,6,6,0.05865516589589557,2.3158889850531152e-05,True,8.3887427234713,-8.330087557575403
F1,6,7,0.0006246323710446908,5.2759083110812066e-08,False,8.388718239049773,-8.388093606678728
F1,7,0,0.0008283089756985599,1.0963226099890265e-05,False,8.388729800330898,-8.3879014913552
F1,7,1,0.002870123821633067,4.012913170036324e-05,False,8.388760705995463,-8.385890582173829
F1,7,2,0.004157493334117963,5.62214881357852e-05,False,8.388777758267965,-8.384620264933847
F1,7,3,0.003544950058604475,3.727958671404383e-05,False,8.388757686473879,-8.385212736415275
F1,7,4,0.0027857426089732485,1.1658836217423645e-05,False,8.388730537434462,-8.38594479482549
F1,7,5,0.002379006518898189,1.4855691137660611e-06,False,8.388719757327546,-8.386340750808648
F1,7,6,0.0006246323710446908,5.2759083110812066e-08,False,8.388718239049773,-8.388093606678728
F1,7,7,1.5372116849155665e-05,1.201923265173151e-10,True,8.38871818327095,-8.3887028111541
F2,0,0,1.0,1.0,True,9.44836861845645,-8.44836861845645
F2,0,1,4.213170732616407,-0.2628503835345371,False,8.110188659809063,-3.897017927192656
F2,0,2,6.540019458526671,0.12516036415411444,False,8.521344417503412,-1.9813249589767414
F2,0,3,5.960715306328337,0.0020413027083947387,False,8.390881250447144,-2.430165944118807
F2,0,4,3.678187719189655,0.0003553677098182636,False,8.389094748691994,-4.710907029502339
F2,0,5,0.9182989246612078,0.00010318899599354498,False,8.388827527408113,-7.470528602746905
F2,0,6,0.037532080109088616,-4.174056573875543e-06,False,8.388713760102723,-8.351181679993635
F2,0,7,0.0,0.0,False,8.388718183143588,-8.388718183143588
F2,1,0,4.213170732616407,-0.2628503835345371,False,8.110188659809063,-3.897017927192656
F2,1,1,18.56833355592268,0.1045082481581177,True,8.499460393798122,10.068873162124559
F2,1,2,29.107084413563303,-0.03231080636613715,False,8.354480023112401,20.7526043904509
F2,1,3,25.98996944816411,0.0016800187762524101,False,8.390498415771178,17.599471032392934
F2,1,4,15.421249647470932,0.00010722791715036564,False,8.388831807252675,7.032417840218256
F2,1,5,3.6461146634318538,-2.987513696317532e-05,False,8.3886865259417,-4.7425718625098465
F2,1,6,0.13694852427635185,1.924844452610875e-06,False,8.38872022280585,-8.251771698529497
F2,1,7,0.0,0.0,False,8.388718183143588,-8.388718183143588
F2,2,0,6.540019458526671,0.12516036415411444,False,8.521344417503412,-1.9813249589767414
F2,2,1,29.107084413563303,-0.03231080636613715,False,8.354480023112401,20.7526043904509
F2,2,2,46.66296011452323,0.0156748667538764,True,8.405328062522804,38.257632052000424
F2,2,3,41.4549284091946,0.00029226694049192,False,8.389027883934308,33.06590052526029
F2,2,4,24.07663278930542,4.780685063752016e-05,False,8.388768841693677,15.687863947611744
F2,2,5,5.614827842758911,1.2869514133971841e-05,False,8.388731820329843,-2.7739039775709324
F2,2,6,0.20706980583382262,-5.086936271079853e-07,False,8.388717644106165,-8.181647838272342
F2,2,7,0.0,0.0,False,8.388718183143588,-8.388718183143588
F2,3,0,5.960715306328337,0.0020413027083947387,False,8.390881250447144,-2.430165944118807
F2,3,1,25.98996944816411,0.0016800187762524101,False,8.390498415771178,17.599471032392934
F2,3,2,41.4549284091946,0.00029226694049192,False,8.389027883934308,33.06590052526029
F2,3,3,39.281861903330544,0.00014288789466138118,True,8.388869594363367,30.892992308967177
F2,3,4,24.062623002985774,1.3281935235233748e-05,False,8.388732257352043,15.67389074563373
F2,3,5,5.645164041868473,3.8418463977354266e-08,False,8.388718223853731,-2.7435541819852576
F2,3,6,0.21576108952279874,4.327931528904842e-08,False,8.388718229004533,-8.172957139481735
F2,3,7,0.0,0.0,False,8.388718183143588,-8.388718183143588
F2,4,0,3.678187719189655,0.0003553677098182636,False,8.389094748691994,-4.710907029502339
F2,4,1,15.421249647470932,0.00010722791715036564,False,8.388831807252675,7.032417840218256
F2,4,2,24.07663278930542,4.780685063752016e-05,False,8.388768841693677,15.687863947611744
F2,4,3,24.062623002985774,1.3281935235233748e-05,False,8.388732257352043,15.67389074563373
F2,4,4,17.243052355889102,1.2628572692602485e-06,True,8.388719521330843,8.854332834558258
F2,4,5,4.4962253765145155,2.1081167510118024e-08,False,8.388718205482256,-3.8924928289677405
F2,4,6,0.18848366926562474,3.2054085437604533e-09,False,8.388718186540201,-8.200234517274577
F2,4,7,0.0,0.0,False,8.388718183143588,-8.388718183143588
F2,5,0,0.9182989246612078,0.00010318899599354498,False,8.388827527408113,-7.470528602746905
F2,5,1,3.6461146634318538,-2.987513696317532e-05,False,8.3886865259417,-4.7425718625098465
F2,5,2,5.614827842758911,1.2869514133971841e-05,False,8.388731820329843,-2.7739039775709324
F2,5,3,5.645164041868473,3.8418463977354266e-08,False,8.388718223853731,-2.7435541819852576
F2,5,4,4.4962253765145155,2.1081167510118024e-08,False,8.388718205482256,-3.8924928289677405
F2,5,5,1.4628580805392255,1.0861781181188197e-08,True,8.38871819465328,-6.9258601141140534
F2,5,6,0.07637110747040779,-4.95025976912419e-10,False,8.388718182619034,-8.312347075148626
F2,5,7,0.0,0.0,False,8.388718183143588,-8.388718183143588
F2,6,0,0.037532080109088616,-4.174056573875543e-06,False,8.388713760102723,-8.351181679993635
F2,6,1,0.13694852427635185,1.924844452610875e-06,False,8.38872022280585,-8.251771698529497
F2,6,2,0.20706980583382262,-5.086936271079853e-07,False,8.388717644106165,-8.181647838272342
F2,6,3,0.21576108952279874,4.327931528904842e-08,False,8.388718229004533,-8.172957139481735
F2,6,4,0.18848366926562474,3.2054085437604533e-09,False,8.388718186540201,-8.200234517274577
F2,6,5,0.07637110747040779,-4.95025976912419e-10,False,8.388718182619034,-8.312347075148626
F2,6,6,0.005969091396198031,3.6765332583204925e-11,True,8.388718183182547,-8.38274909178635
F2,6,7,0.0,0.0,False,8.388718183143588,-8.388718183143588
F2,7,0,0.0,0.0,False,8.388718183143588,-8.388718183143588
F2,7,1,0.0,0.0,False,8.388718183143588,-8.388718183143588
F2,7,2,0.0,0.0,False,8.388718183143588,-8.388718183143588
F2,7,3,0.0,0.0,False,8.388718183143588,-8.388718183143588
F2,7,4,0.0,0.0,False,8.388718183143588,-8.388718183143588
F2,7,5,0.0,0.0,False,8.388718183143588,-8.388718183143588
F2,7,6,0.0,0.0,False,8.388718183143588,-8.388718183143588
F2,7,7,0.0,0.0,True,8.388718183143588,-8.388718183143588
F4,0,0,1.0,1.0,True,9.44836861845645,-8.44836861845645
F4,0,1,1.8966934475410249,-0.20938770068747503,False,8.166840414960946,-6.2701469674199215
F4,0,2,3.6664335438597195,0.12604740062442094,False,8.52228436608531,-4.855850822225591
F4,0,3,3.18589593762339,0.005387181995430973,False,8.394426712890157,-5.208530775266767
F4,0,4,1.9504808205407338,0.0006582246249476603,False,8.389415671153948,-6.438934850613214
F4,0,5,0.5068803313441229,9.903510087354926e-05,False,8.38882312573134,-7.881942794387218
F4,0,6,0.021129172738349234,-2.9246711159982115e-06,False,8.388715084014567,-8.367585911276217
F4,0,7,0.0,0.0,False,8.388718183143588,-8.388718183143588
F4,1,0,1.8966934475410249,-0.20938770068747503,False,8.166840414960946,-6.2701469674199215
F4,1,1,4.8489300883141375,0.04384320919918763,True,8.43517665885702,-3.586246570542883
F4,1,2,7.671459571120314,-0.026392775394380504,False,8.360751067207818,-0.6892914960875043
F4,1,3,6.860890999283183,-0.0011280096512082552,False,8.387522887225648,-1.5266318879424654
F4,1,4,4.085574795131818,-0.0001378241407536662,False,8.388572137732842,-4.3029973426010235
F4,1,5,0.9931097096859688,-2.073673205926463e-05,False,8.388696209456434,-7.395586499770465
F4,1,6,0.03571780935472026,6.123901602459371e-07,False,8.388718832063088,-8.353001022708368
F4,1,7,0.0,0.0,False,8.388718183143588,-8.388718183143588
F4,2,0,3.6664335438597195,0.12604740062442094,False,8.52228436608531,-4.855850822225591
F4,2,1,7.671459571120314,-0.026392775394380504,False,8.360751067207818,-0.6892914960875043
F4,2,2,15.64558011649571,0.01588794720417327,True,8.405553853314718,7.240026263180992
F4,2,3,12.673101997616795,0.0006790402872147552,False,8.38943772847953,4.283664269137265
F4,2,4,7.628961725506028,8.296750300163694e-05,False,8.38880609969426,-0.7598443741882326
F4,2,5,1.9175115647602616,1.2483117035688204e-05,False,8.38873141088399,-6.471219846123728
F4,2,6,0.07419285576148264,-3.6864719185289885e-07,False,8.38871779250643,-8.314524936744947
F4,2,7,0.0,0.0,False,8.388718183143588,-8.388718183143588
F4,3,0,3.18589593762339,0.005387181995430973,False,8.394426712890157,-5.208530775266767
F4,3,1,6.860890999283183,-0.0011280096512082552,False,8.387522887225648,-1.5266318879424654
F4,3,2,12.673101997616795,0.0006790402872147552,False,8.38943772847953,4.283664269137265
F4,3,3,11.846770887699588,2.9021729851895644e-05,True,8.38874893603226,3.4580219516673285
F4,3,4,7.205723941352093,3.5459758484673403e-06,False,8.38872194063844,-1.1829979992863473
F4,3,5,1.8416387325575263,5.335201123416748e-07,False,8.388718748488408,-6.547080015930882
F4,3,6,0.07360355195701639,-1.5755735578662576e-08,False,8.388718166448015,-8.315114614491
F4,3,7,0.0,0.0,False,8.388718183143588,-8.388718183143588
F4,4,0,1.9504808205407338,0.0006582246249476603,False,8.389415671153948,-6.438934850613214
F4,4,1,4.085574795131818,-0.0001378241407536662,False,8.388572137732842,-4.3029973426010235
F4,4,2,7.628961725506028,8.296750300163694e-05,False,8.38880609969426,-0.7598443741882326
F4,4,3,7.205723941352093,3.5459758484673403e-06,False,8.38872194063844,-1.1829979992863473
F4,4,4,5.314069131048442,4.33259656887488e-07,True,8.388718642247373,-3.0746495111989303
F4,4,5,1.453305247259671,6.518734212914567e-08,False,8.388718252219384,-6.935413004959713
F4,4,6,0.0642967161370805,-1.9250905484231776e-09,False,8.388718181103664,-8.324421464966584
F4,4,7,0.0,0.0,False,8.388718183143588,-8.388718183143588
F4,5,0,0.5068803313441229,9.903510087354926e-05,False,8.38882312573134,-7.881942794387218
F4,5,1,0.9931097096859688,-2.073673205926463e-05,False,8.388696209456434,-7.395586499770465
F4,5,2,1.9175115647602616,1.2483117035688204e-05,False,8.38873141088399,-6.471219846123728
F4,5,3,1.8416387325575263,5.335201123416748e-07,False,8.388718748488408,-6.547080015930882
F4,5,4,1.453305247259671,6.518734212914567e-08,False,8.388718252219384,-6.935413004959713
F4,5,5,0.4895139950423099,9.807951205034077e-09,True,8.388718193536588,-7.899204198494279
F4,5,6,0.025784886279013222,-2.896450989948388e-10,False,8.388718182836666,-8.362933296557653
F4,5,7,0.0,0.0,False,8.388718183143588,-8.388718183143588
F4,6,0,0.021129172738349234,-2.9246711159982115e-06,False,8.388715084014567,-8.367585911276217
F4,6,1,0.03571780935472026,6.123901602459371e-07,False,8.388718832063088,-8.353001022708368
F4,6,2,0.07419285576148264,-3.6864719185289885e-07,False,8.38871779250643,-8.314524936744947
F4,6,3,0.07360355195701639,-1.5755735578662576e-08,False,8.388718166448015,-8.315114614491
F4,6,4,0.0642967161370805,-1.9250905484231776e-09,False,8.388718181103664,-8.324421464966584
F4,6,5,0.025784886279013222,-2.896450989948388e-10,False,8.388718182836666,-8.362933296557653
F4,6,6,0.0020858549873300565,8.553701136754224e-12,True,8.388718183152653,-8.386632328165323
F4,6,7,0.0,0.0,False,8.388718183143588,-8.388718183143588
F4,7,0,0.0,0.0,False,8.388718183143588,-8.388718183143588
F4,7,1,0.0,0.0,False,8.388718183143588,-8.388718183143588
F4,7,2,0.0,0.0,False,8.388718183143588,-8.388718183143588
F4,7,3,0.0,0.0,False,8.388718183143588,-8.388718183143588
F4,7,4,0.0,0.0,False,8.388718183143588,-8.388718183143588
F4,7,5,0.0,0.0,False,8.388718183143588,-8.388718183143588
F4,7,6,0.0,0.0,False,8.388718183143588,-8.388718183143588
F4,7,7,0.0,0.0,True,8.388718183143588,-8.388718183143588
F5p,0,0,1.0,1.0,True,9.44836861845645,-8.44836861845645
F5p,0,1,1.9094763148798655,-0.19997787549862786,False,8.176811540318525,-6.267335225438659
F5p,0,2,3.6843987385470065,0.12620352556385936,False,8.52244980394535,-4.838051065398343
F5p,0,3,3.210434738822144,0.005976081345732197,False,8.39505074034306,-5.184616001520915
F5p,0,4,1.9751475738295505,0.0007115296683319121,False,8.389472155866374,-6.414324582036823
F5p,0,5,0.5145303635560281,9.830398479686855e-05,False,8.38882235100387,-7.874291987447842
F5p,0,6,0.021573111747657768,-2.7047700910955753e-06,False,8.388715317032784,-8.367142205285125
F5p,0,7,0.0,0.0,False,8.388718183143588,-8.388718183143588
F5p,1,0,1.9094763148798655,-0.19997787549862786,False,8.176811540318525,-6.267335225438659
F5p,1,1,5.123468551970014,0.0399911506889447,True,8.43109482337979,-3.3076262714097773
F5p,1,2,7.968811830004227,-0.025237912922697364,False,8.361974817728663,-0.3931629877244367
F5p,1,3,7.1393173237644225,-0.0011950840513265057,False,8.387451811808365,-1.2481344880439424
F5p,1,4,4.259514571767117,-0.00014229019142725908,False,8.388567405280302,-4.129052833513185
F5p,1,5,1.0387914792139372,-1.9658622032727183e-05,False,8.388697351876193,-7.349905872662255
F5p,1,6,0.03725303784107181,5.408941765295233e-07,False,8.388718756302337,-8.351465718461265
F5p,1,7,0.0,0.0,False,8.388718183143588,-8.388718183143588
F5p,2,0,3.6843987385470065,0.12620352556385936,False,8.52244980394535,-4.838051065398343
F5p,2,1,7.968811830004227,-0.025237912922697364,False,8.361974817728663,-0.3931629877244367
F5p,2,2,16.04442901402954,0.0159273298647477,True,8.40559558516814,7.6388334288614
F5p,2,3,13.00689879228617,0.0007542025348878163,False,8.389517374187996,4.617381418098175
F5p,2,4,7.864173345788738,8.979755268677084e-05,False,8.388813337159382,-0.5246399913706439
F5p,2,5,1.980184026611752,1.2406309458340842e-05,False,8.388731329494806,-6.408547302883054
F5p,2,6,0.07685192347664489,-3.4135152133594267e-07,False,8.3887178214303,-8.311865897953655
F5p,2,7,0.0,0.0,False,8.388718183143588,-8.388718183143588
F5p,3,0,3.210434738822144,0.005976081345732197,False,8.39505074034306,-5.184616001520915
F5p,3,1,7.1393173237644225,-0.0011950840513265057,False,8.387451811808365,-1.2481344880439424
F5p,3,2,13.00689879228617,0.0007542025348878163,False,8.389517374187996,4.617381418098175
F5p,3,3,12.174452654880024,3.571354825080834e-05,True,8.38875602702054,3.785696627859485
F5p,3,4,7.421385985568952,4.252159177853357e-06,False,8.388722688945911,-0.9673367033769598
F5p,3,5,1.9017228708865712,5.874726097557076e-07,False,8.388718805659195,-6.486995934772624
F5p,3,6,0.0762444661494004,-1.616392608589064e-08,False,8.388718166015478,-8.312473699866077
F5p,3,7,0.0,0.0,False,8.388718183143588,-8.388718183143588
F5p,4,0,1.9751475738295505,0.0007115296683319121,False,8.389472155866374,-6.414324582036823
F5p,4,1,4.259514571767117,-0.00014229019142725908,False,8.388567405280302,-4.129052833513185
F5p,4,2,7.864173345788738,8.979755268677084e-05,False,8.388813337159382,-0.5246399913706439
F5p,4,3,7.421385985568952,4.252159177853357e-06,False,8.388722688945911,-0.9673367033769598
F5p,4,4,5.473509695936574,5.062744689165208e-07,True,8.38871871961755,-2.9152090236809762
F5p,4,5,1.5006373950784018,6.994620169822121e-08,False,8.388718257262111,-6.88808086218371
F5p,4,6,0.0664561504978475,-1.9245241658313104e-09,False,8.388718181104265,-8.322262030606417
F5p,4,7,0.0,0.0,False,8.388718183143588,-8.388718183143588
F5p,5,0,0.5145303635560281,9.830398479686855e-05,False,8.38882235100387,-7.874291987447842
F5p,5,1,1.0387914792139372,-1.9658622032727183e-05,False,8.388697351876193,-7.349905872662255
F5p,5,2,1.980184026611752,1.2406309458340842e-05,False,8.388731329494806,-6.408547302883054
F5p,5,3,1.9017228708865712,5.874726097557076e-07,False,8.388718805659195,-6.486995934772624
F5p,5,4,1.5006373950784018,6.994620169822121e-08,False,8.388718257262111,-6.88808086218371
F5p,5,5,0.5061072558886681,9.663673426942963e-09,True,8.388718193383705,-7.882610937495036
F5p,5,6,0.02665044449225108,-2.658896779140842e-10,False,8.388718182861838,-8.362067738369587
F5p,5,7,0.0,0.0,False,8.388718183143588,-8.388718183143588
F5p,6,0,0.021573111747657768,-2.7047700910955753e-06,False,8.388715317032784,-8.367142205285125
F5p,6,1,0.03725303784107181,5.408941765295233e-07,False,8.388718756302337,-8.351465718461265
F5p,6,2,0.07685192347664489,-3.4135152133594267e-07,False,8.3887178214303,-8.311865897953655
F5p,6,3,0.0762444661494004,-1.616392608589064e-08,False,8.388718166015478,-8.312473699866077
F5p,6,4,0.0664561504978475,-1.9245241658313104e-09,False,8.388718181104265,-8.322262030606417
F5p,6,5,0.02665044449225108,-2.658896779140842e-10,False,8.388718182861838,-8.362067738369587
F5p,6,6,0.0021490266057811454,7.315781245685167e-12,True,8.38871818315134,-8.386569156545558
F5p,6,7,0.0,0.0,False,8.388718183143588,-8.388718183143588
F5p,7,0,0.0,0.0,False,8.388718183143588,-8.388718183143588
F5p,7,1,0.0,0.0,False,8.388718183143588,-8.388718183143588
F5p,7,2,0.0,0.0,False,8.388718183143588,-8.388718183143588
F5p,7,3,0.0,0.0,False,8.388718183143588,-8.388718183143588
F5p,7,4,0.0,0.0,False,8.388718183143588,-8.388718183143588
F5p,7,5,0.0,0.0,False,8.388718183143588,-8.388718183143588
F5p,7,6,0.0,0.0,False,8.388718183143588,-8.388718183143588
F5p,7,7,0.0,0.0,True,8.388718183143588,-8.388718183143588
F5m,0,0,1.0,1.0,True,9.44836861845645,-8.44836861845645
F5m,0,1,1.8875609279052767,-0.21879752587632215,False,8.156869289603366,-6.269308361698089
F5m,0,2,3.653496270802785,0.12589127568498246,False,8.522118928225272,-4.8686226574224865
F5m,0,3,3.1829138695596053,0.004798282645129751,False,8.393802685437254,-5.210888815877649
F5m,0,4,1.941317106253115,0.0006049195815634085,False,8.38935918644152,-6.448042080188406
F5m,0,5,0.5037065539799065,9.976621695022994e-05,False,8.388823900458808,-7.885117346478902
F5m,0,6,0.021081337417242618,-3.144572140900842e-06,False,8.388714850996351,-8.367633513579108
F5m,0,7,0.0,0.0,False,8.388718183143588,-8.388718183143588
F5m,1,0,1.8875609279052767,-0.21879752587632215,False,8.156869289603366,-6.269308361698089
F5m,1,1,4.617712938796228,0.04787235732959986,True,8.439446147427352,-3.821733208631124
F5m,1,2,7.407145460517358,-0.027544699649288153,False,8.359530430169658,-0.9523849696522992
F5m,1,3,6.641199268594027,-0.001049852371209684,False,8.387605706621422,-1.7464064380273943
F5m,1,4,3.9310589558281093,-0.00013235490780021385,False,8.388577933207921,-4.457518977379812
F5m,1,5,0.9543768941538512,-2.1828601434750705e-05,False,8.388695052456576,-7.434318158302725
F5m,1,6,0.03446532806482073,6.880246043687138e-07,False,8.38871891220916,-8.35425358414434
F5m,1,7,0.0,0.0,False,8.388718183143588,-8.388718183143588
F5m,2,0,3.653496270802785,0.12589127568498246,False,8.522118928225272,-4.8686226574224865
F5m,2,1,7.407145460517358,-0.027544699649288153,False,8.359530430169658,-0.9523849696522992
F5m,2,2,15.285059125088601,0.015848613293592256,True,8.405512173119249,6.879546951969353
F5m,2,3,12.415730529317047,0.0006040619232924963,False,8.389358277623561,4.026372251693486
F5m,2,4,7.434761967755546,7.615409780984329e-05,False,8.388798879866483,-0.9540369121109373
F5m,2,5,1.8666194337709028,1.2559696322129166e-05,False,8.388731492031264,-6.522112058260361
F5m,2,6,0.07247444144504485,-3.958741983014634e-07,False,8.388717763655322,-8.316243322210276
F5m,2,7,0.0,0.0,False,8.388718183143588,-8.388718183143588
F5m,3,0,3.1829138695596053,0.004798282645129751,False,8.393802685437254,-5.210888815877649
F5m,3,1,6.641199268594027,-0.001049852371209684,False,8.387605706621422,-1.7464064380273943
F5m,3,2,12.415730529317047,0.0006040619232924963,False,8.389358277623561,4.026372251693486
F5m,3,3,11.634873612522972,2.302351634255336e-05,True,8.388742580022702,3.2461310325002692
F5m,3,4,7.0375139838244465,2.902575129914854e-06,False,8.388721258858588,-1.3512072750341417
F5m,3,5,1.795536303706988,4.787065073625379e-07,False,8.388718690405147,-6.593182386698159
F5m,3,6,0.0718729657445787,-1.5088545930043017e-08,False,8.388718167155004,-8.316845201410425
F5m,3,7,0.0,0.0,False,8.388718183143588,-8.388718183143588
F5m,4,0,1.941317106253115,0.0006049195815634085,False,8.38935918644152,-6.448042080188406
F5m,4,1,3.9310589558281093,-0.00013235490780021385,False,8.388577933207921,-4.457518977379812
F5m,4,2,7.434761967755546,7.615409780984329e-05,False,8.388798879866483,-0.9540369121109373
F5m,4,3,7.0375139838244465,2.902575129914854e-06,False,8.388721258858588,-1.3512072750341417
F5m,4,4,5.163784315741457,3.6592770015884924e-07,True,8.388718570899035,-3.224934255157579
F5m,4,5,1.4118501238379773,6.035053821169733e-08,False,8.388718247094062,-6.976868123256084
F5m,4,6,0.06259646467853018,-1.902213263669689e-09,False,8.388718181127906,-8.326121716449377
F5m,4,7,0.0,0.0,False,8.388718183143588,-8.388718183143588
F5m,5,0,0.5037065539799065,9.976621695022994e-05,False,8.388823900458808,-7.885117346478902
F5m,5,1,0.9543768941538512,-2.1828601434750705e-05,False,8.388695052456576,-7.434318158302725
F5m,5,2,1.8666194337709028,1.2559696322129166e-05,False,8.388731492031264,-6.522112058260361
F5m,5,3,1.795536303706988,4.787065073625379e-07,False,8.388718690405147,-6.593182386698159
F5m,5,4,1.4118501238379773,6.035053821169733e-08,False,8.388718247094062,-6.976868123256084
F5m,5,5,0.47592349262388417,9.953298044560348e-09,True,8.388718193690606,-7.912794701066722
F5m,5,6,0.025111114533300945,-3.1372206642476243e-10,False,8.388718182811152,-8.363607068277851
F5m,5,7,0.0,0.0,False,8.388718183143588,-8.388718183143588
F5m,6,0,0.021081337417242618,-3.144572140900842e-06,False,8.388714850996351,-8.367633513579108
F5m,6,1,0.03446532806482073,6.880246043687138e-07,False,8.38871891220916,-8.35425358414434
F5m,6,2,0.07247444144504485,-3.958741983014634e-07,False,8.388717763655322,-8.316243322210276
F5m,6,3,0.0718729657445787,-1.5088545930043017e-08,False,8.388718167155004,-8.316845201410425
F5m,6,4,0.06259646467853018,-1.902213263669689e-09,False,8.388718181127906,-8.326121716449377
F5m,6,5,0.025111114533300945,-3.1372206642476243e-10,False,8.388718182811152,-8.363607068277851
F5m,6,6,0.0020324993283077093,9.888333949329705e-12,True,8.388718183154067,-8.386685683825759
F5m,6,7,0.0,0.0,False,8.388718183143588,-8.388718183143588
F5m,7,0,0.0,0.0,False,8.388718183143588,-8.388718183143588
F5m,7,1,0.0,0.0,False,8.388718183143588,-8.388718183143588
F5m,7,2,0.0,0.0,False,8.388718183143588,-8.388718183143588
F5m,7,3,0.0,0.0,False,8.388718183143588,-8.388718183143588
F5m,7,4,0.0,0.0,False,8.388718183143588,-8.388718183143588
F5m,7,5,0.0,0.0,False,8.388718183143588,-8.388718183143588
F5m,7,6,0.0,0.0,False,8.388718183143588,-8.388718183143588
F5m,7,7,0.0,0.0,True,8.388718183143588,-8.388718183143588
F6,0,0,1.0,1.0,True,9.44836861845645,-8.44836861845645
F6,0,1,4.472231291470603,-2.5572162382939374,False,5.678962883046296,-1.2067315915756929
F6,0,2,8.23974862930313,2.4871965302927443,False,11.024277069176936,-2.7845284398738066
F6,0,3,8.274134188794736,-1.191471917469543,False,7.126174447133936,1.1479597416608005
F6,0,4,4.87046988163167,0.2969147197337908,False,8.703343995160296,-3.832874113528626
F6,0,5,1.4950495054671586,-0.036318967616832926,False,8.350232773298297,-6.855183267831138
F6,0,6,0.14374821929365564,0.001721275956264702,False,8.390542133959938,-8.246793914666283
F6,0,7,0.0009099077953539291,-1.0963226099890265e-05,False,8.388706565956278,-8.387796658160925
F6,1,0,4.472231291470603,-2.5572162382939374,False,5.678962883046296,-1.2067315915756929
F6,1,1,21.998383788413552,6.539354889394196,True,15.318148438355443,6.680235350058108
F6,1,2,43.425296580257445,-6.360299355092945,False,1.6490242027992297,41.77627237745821
F6,1,3,45.24094771685217,3.0468513348243293,False,11.617315526423766,33.6236321904284
F6,1,4,26.119123533627185,-0.7592751426917432,False,7.584151947668047,18.534971585959138
F6,1,5,7.240435958689895,0.09287545374783682,False,8.487133698137363,-1.2466977394474679
F6,1,6,0.6082951323787902,-0.004401674825945021,False,8.38405394649817,-7.77575881411938
F6,1,7,0.0030642893713064404,2.8035339806727297e-05,False,8.388747890803618,-8.385683601432312
F6,2,0,8.23974862930313,2.4871965302927443,False,11.024277069176936,-2.7845284398738066
F6,2,1,43.425296580257445,-6.360299355092945,False,1.6490242027992297,41.77627237745821
F6,2,2,93.66659483672707,6.186146580300266,True,14.943871099867941,78.72272373685914
F6,2,3,103.92118986008676,-2.9634248190714905,False,5.248523783597542,98.67266607648921
F6,2,4,59.79915108003346,0.7384852607147271,False,9.171254411132082,50.62789666890138
F6,2,5,15.607517809066557,-0.0903324102404014,False,8.292997405309487,7.31452040375707
F6,2,6,1.2195680018556816,0.004281151586097892,False,8.393254707285438,-7.173686705429756
F6,2,7,0.005476423476882689,-2.7267697916461922e-05,False,8.388689288915621,-8.38321286543874
F6,3,0,8.274134188794736,-1.191471917469543,False,7.126174447133936,1.1479597416608005
F6,3,1,45.24094771685217,3.0468513348243293,False,11.617315526423766,33.6236321904284
F6,3,2,103.92118986008676,-2.9634248190714905,False,5.248523783597542,98.67266607648921
F6,3,3,125.14097205192729,1.4196053301185494,True,9.89300358917617,115.24796846275112
F6,3,4,77.00797169369157,-0.35376555044615166,False,8.01385036361463,68.99412133007695
F6,3,5,20.33839062336469,0.043273029986942164,False,8.434572468206557,11.903818155158131
F6,3,6,1.5162464293191389,-0.0020508519641049255,False,8.386544996967062,-6.870298567647923
F6,3,7,0.006552061159676912,1.3062376022888394e-05,False,8.388732024696028,-8.38217996353635
F6,4,0,4.87046988163167,0.2969147197337908,False,8.703343995160296,-3.832874113528626
F6,4,1,26.119123533627185,-0.7592751426917432,False,7.584151947668047,18.534971585959138
F6,4,2,59.79915108003346,0.7384852607147271,False,9.171254411132082,50.62789666890138
F6,4,3,77.00797169369157,-0.35376555044615166,False,8.01385036361463,68.99412133007695
F6,4,4,54.20192198745771,0.08815835079459554,True,8.482135217939545,45.719786769518166
F6,4,5,15.86023938606091,-0.010783636090972572,False,8.377291298465533,7.482948087595377
F6,4,6,1.2151968528816486,0.0005110721681388467,False,8.389259740989033,-7.174062888107384
F6,4,7,0.005757351874028,-3.2551432048270984e-06,False,8.388714733829675,-8.382957381955647
F6,5,0,1.4950495054671586,-0.036318967616832926,False,8.350232773298297,-6.855183267831138
F6,5,1,7.240435958689895,0.09287545374783682,False,8.487133698137363,-1.2466977394474679
F6,5,2,15.607517809066557,-0.0903324102404014,False,8.292997405309487,7.31452040375707
F6,5,3,20.33839062336469,0.043273029986942164,False,8.434572468206557,11.903818155158131
F6,5,4,15.86023938606091,-0.010783636090972572,False,8.377291298465533,7.482948087595377
F6,5,5,5.660904663451077,0.0013190674087525586,True,8.39011593349748,-2.7292112700464033
F6,5,6,0.5516833511679551,-6.251496571521083e-05,False,8.388651939132954,-7.836968587964999
F6,5,7,0.0035348126600230046,3.9817305369793205e-07,False,8.388718605067838,-8.385183792407815
F6,6,0,0.14374821929365564,0.001721275956264702,False,8.390542133959938,-8.246793914666283
F6,6,1,0.6082951323787902,-0.004401674825945021,False,8.38405394649817,-7.77575881411938
F6,6,2,1.2195680018556816,0.004281151586097892,False,8.393254707285438,-7.173686705429756
F6,6,3,1.5162464293191389,-0.0020508519641049255,False,8.386544996967062,-6.870298567647923
F6,6,4,1.2151968528816486,0.0005110721681388467,False,8.389259740989033,-7.174062888107384
F6,6,5,0.5516833511679551,-6.251496571521083e-05,False,8.388651939132954,-7.836968587964999
F6,6,6,0.07763230542603898,2.962790917614964e-06,True,8.388721322666274,-8.311089017240235
F6,6,7,0.0007099763257080559,-1.8870737488834754e-08,False,8.388718163147203,-8.388008186821494
F6,7,0,0.0009099077953539291,-1.0963226099890265e-05,False,8.388706565956278,-8.387796658160925
F6,7,1,0.0030642893713064404,2.8035339806727297e-05,False,8.388747890803618,-8.385683601432312
F6,7,2,0.005476423476882689,-2.7267697916461922e-05,False,8.388689288915621,-8.38321286543874
F6,7,3,0.006552061159676912,1.3062376022888394e-05,False,8.388732024696028,-8.38217996353635
F6,7,4,0.005757351874028,-3.2551432048270984e-06,False,8.388714733829675,-8.382957381955647
F6,7,5,0.0035348126600230046,3.9817305369793205e-07,False,8.388718605067838,-8.385183792407815
F6,7,6,0.0007099763257080559,-1.8870737488834754e-08,False,8.388718163147203,-8.388008186821494
F6,7,7,1.5595348849386578e-05,1.201923265173151e-10,True,8.38871818327095,-8.3887025879221
F7,0,0,1.0,1.0,True,9.44836861845645,-8.44836861845645
F7,0,1,2.9032315673207982,-2.887328099567673,False,5.329159705545644,-2.4259281382248457
F7,0,2,4.041267245912784,3.224904247845193,False,11.805989373215047,-7.764722127302263
F7,0,3,3.431972777852694,-1.7700945817456444,False,6.5130366890518765,-3.0810639111991827
F7,0,4,1.8581870204770092,0.49373867978141683,False,8.911908590104765,-7.053721569627756
F7,0,5,0.638256818116567,-0.06382412570811967,False,8.321086920553517,-7.6828301024369505
F7,0,6,0.11024026449351025,0.002815447306314143,False,8.391701573107325,-8.281461308613814
F7,0,7,0.0022669743167303548,-1.0963226099890265e-05,False,8.388706565956278,-8.386439591639547
F7,1,0,2.9032315673207982,-2.887328099567673,False,5.329159705545644,-2.4259281382248457
F7,1,1,9.584625853355588,8.33666355455307,True,17.222667347782625,-7.638041494427037
F7,1,2,14.62007675706976,-9.311356653218576,False,-1.4780649477927952,16.098141704862556
F7,1,3,13.0283855618225,5.110843824766686,False,13.804426066873663,-0.7760405050511636
F7,1,4,7.069871537631033,-1.42558556397633,False,6.878095819700338,0.19177571793069514
F7,1,5,2.2743820790314686,0.18428119158739342,False,8.583991828029143,-6.309609748997675
F7,1,6,0.34909731675709343,-0.008129120120372937,False,8.380104157469324,-8.03100684071223
F7,1,7,0.00653217268851246,3.165443078012687e-05,False,8.388751725774943,-8.382219553086431
F7,2,0,4.041267245912784,3.224904247845193,False,11.805989373215047,-7.764722127302263
F7,2,1,14.62007675706976,-9.311356653218576,False,-1.4780649477927952,16.098141704862556
F7,2,2,24.181407887281235,10.40000740776997,True,19.40909056004403,4.772317327237204
F7,2,3,22.758220751913917,-5.708385535759288,False,2.3398249652426095,20.418395786671308
F7,2,4,12.527705585335216,1.5922599657525685,False,10.075957148984541,2.451748436350675
F7,2,5,3.8652332749848353,-0.2058266941111207,False,8.170613837129732,-4.305380562144897
F7,2,6,0.5430560078359955,0.009079547977716785,False,8.39833933011062,-7.855283322274624
F7,2,7,0.009223964670170684,-3.53553544196234e-05,False,8.388680718826887,-8.379456754156717
F7,3,0,3.431972777852694,-1.7700945817456444,False,6.5130366890518765,-3.0810639111991827
F7,3,1,13.0283855618225,5.110843824766686,False,13.804426066873663,-0.7760405050511636
F7,3,2,22.758220751913917,-5.708385535759288,False,2.3398249652426095,20.418395786671308
F7,3,3,23.041919531023996,3.1332348283252878,True,11.7088518329159,11.333067698108096
F7,3,4,13.521159220498207,-0.8739641618793337,False,7.4626216785603114,6.058537541937896
F7,3,5,4.142848938437783,0.11297473910059551,False,8.508431914610892,-4.365582976173108
F7,3,6,0.5186324747922706,-0.004983608022097034,False,8.383437300733544,-7.864804825941273
F7,3,7,0.007688832008469005,1.940594711786819e-05,False,8.388738746663899,-8.38104991465543
F7,4,0,1.8581870204770092,0.49373867978141683,False,8.911908590104765,-7.053721569627756
F7,4,1,7.069871537631033,-1.42558556397633,False,6.878095819700338,0.19177571793069514
F7,4,2,12.527705585335216,1.5922599657525685,False,10.075957148984541,2.451748436350675
F7,4,3,13.521159220498207,-0.8739641618793337,False,7.4626216785603114,6.058537541937896
F7,4,4,8.736937646324169,0.24377788391229646,True,8.647037523950901,0.08990012237326717
F7,4,5,2.815752961881017,-0.03151243956533019,False,8.355326012840417,-5.539573050959399
F7,4,6,0.32313003598763806,0.0013900952360136913,False,8.390191198165557,-8.067061162177918
F7,4,7,0.004140274755865258,-5.412968780704991e-06,False,8.388712447288864,-8.384572172532998
F7,5,0,0.638256818116567,-0.06382412570811967,False,8.321086920553517,-7.6828301024369505
F7,5,1,2.2743820790314686,0.18428119158739342,False,8.583991828029143,-6.309609748997675
F7,5,2,3.8652332749848353,-0.2058266941111207,False,8.170613837129732,-4.305380562144897
F7,5,3,4.142848938437783,0.11297473910059551,False,8.508431914610892,-4.365582976173108
F7,5,4,2.815752961881017,-0.03151243956533019,False,8.355326012840417,-5.539573050959399
F7,5,5,1.010408975804068,0.004073519022405862,True,8.393034689348935,-7.382625713544868
F7,5,6,0.13038941248234098,-0.00017969346280278077,False,8.388527770887507,-8.258138358405166
F7,5,7,0.0018095880339711187,6.997183207659347e-07,False,8.388718924600411,-8.38690933656644
F7,6,0,0.11024026449351025,0.002815447306314143,False,8.391701573107325,-8.281461308613814
F7,6,1,0.34909731675709343,-0.008129120120372937,False,8.380104157469324,-8.03100684071223
F7,6,2,0.5430560078359955,0.009079547977716785,False,8.39833933011062,-7.855283322274624
F7,6,3,0.5186324747922706,-0.004983608022097034,False,8.383437300733544,-7.864804825941273
F7,6,4,0.32313003598763806,0.0013900952360136913,False,8.390191198165557,-8.067061162177918
F7,6,5,0.13038941248234098,-0.00017969346280278077,False,8.388527770887507,-8.258138358405166
F7,6,6,0.025220298333263287,7.926743534631563e-06,True,8.388726582720825,-8.363506284387562
F7,6,7,0.0004887542883348174,-3.086638539144895e-08,False,8.38871815043601,-8.388229396147674
F7,7,0,0.0022669743167303548,-1.0963226099890265e-05,False,8.388706565956278,-8.386439591639547
F7,7,1,0.00653217268851246,3.165443078012687e-05,False,8.388751725774943,-8.382219553086431
F7,7,2,0.009223964670170684,-3.53553544196234e-05,False,8.388680718826887,-8.379456754156717
F7,7,3,0.007688832008469005,1.940594711786819e-05,False,8.388738746663899,-8.38104991465543
F7,7,4,0.004140274755865258,-5.412968780704991e-06,False,8.388712447288864,-8.384572172532998
F7,7,5,0.0018095880339711187,6.997183207659347e-07,False,8.388718924600411,-8.38690933656644
F7,7,6,0.0004887542883348174,-3.086638539144895e-08,False,8.38871815043601,-8.388229396147674
F7,7,7,2.250653724811374e-05,1.201923265173151e-10,True,8.38871818327095,-8.3886956767337
F9,0,0,1.0,1.0,True,9.44836861845645,-8.44836861845645
F9,0,1,3.347062207090001,-0.0752216013040715,False,8.309009580576799,-4.961947373486797
F9,0,2,5.177042702831438,-0.08008936892320627,False,8.30385144850018,-3.1268087456687432
F9,0,3,4.177869572043223,-0.00612644700907246,False,8.382226290903503,-4.20435671886028
F9,0,4,1.3580073399582113,0.0007188702857514939,False,8.389479934354819,-7.031472594396607
F9,0,5,0.12314512688151445,7.183539451532821e-05,False,8.388794303550657,-8.265649176669143
F9,0,6,0.0018440729481207058,1.9152829667898366e-07,False,8.388718386096631,-8.38687431314851
F9,0,7,-2.157009497844098e-05,-1.9276839000776134e-07,False,8.38871797887648,-8.388739548971458
F9,1,0,3.347062207090001,-0.0752216013040715,False,8.309009580576799,-4.961947373486797
F9,1,1,11.764416792823194,0.005658289302748692,True,8.394713991866372,3.369702800956823
F9,1,2,18.672596641871795,0.006024450577836116,False,8.395101994820912,10.277494647050883
F9,1,3,15.223040239373033,0.0004608411543269699,False,8.38920651367338,6.833833725699652
F9,1,4,5.024240507471472,-5.4074574024142825e-05,False,8.388660882997684,-3.364420375526212
F9,1,5,0.4706421896853594,-5.403573405752703e-06,False,8.388712457244676,-7.918070267559316
F9,1,6,0.007533190243709277,-1.440706517123443e-08,False,8.388718167877135,-8.381184977633426
F9,1,7,-6.120685994941484e-05,1.4500346977191585e-08,False,8.388718198508887,-8.388779405368837
F9,2,0,5.177042702831438,-0.08008936892320627,False,8.30385144850018,-3.1268087456687432
F9,2,1,18.672596641871795,0.006024450577836116,False,8.395101994820912,10.277494647050883
F9,2,2,31.07918121936427,0.006414307014517438,True,8.395515106363751,22.68366611300052
F9,2,3,25.880204382715743,0.0004906632746980779,False,8.389238114696214,17.490966268019527
F9,2,4,8.652539595871763,-5.757386752348211e-05,False,8.388657174969804,0.26388242090195924
F9,2,5,0.8233492625950249,-5.753251413082189e-06,False,8.388712086708225,-7.565362824113199
F9,2,6,0.01389260261752054,-1.5339380411956424e-08,False,8.388718166889207,-8.374825564271687
F9,2,7,-8.537536489831137e-05,1.543869870406411e-08,False,8.388718199503211,-8.38880357486811
F9,3,0,4.177869572043223,-0.00612644700907246,False,8.382226290903503,-4.20435671886028
F9,3,1,15.223040239373033,0.0004608411543269699,False,8.38920651367338,6.833833725699652
F9,3,2,25.880204382715743,0.0004906632746980779,False,8.389238114696214,17.490966268019527
F9,3,3,23.244383358794693,3.753335295497289e-05,True,8.388757955377386,14.855625403417307
F9,3,4,8.491426991878166,-4.404120712053304e-06,False,8.388713516315159,0.10271347556300725
F9,3,5,0.883507463000675,-4.400957378739727e-07,False,8.388717716795949,-7.505210253795274
F9,3,6,0.017096212707789844,-1.1733879603417021e-09,False,8.388718181900208,-8.371621969192418
F9,3,7,-6.84780239051898e-05,1.180985326406763e-09,False,8.38871818439502,-8.388786662418925
F9,4,0,1.3580073399582113,0.0007188702857514939,False,8.389479934354819,-7.031472594396607
F9,4,1,5.024240507471472,-5.4074574024142825e-05,False,8.388660882997684,-3.364420375526212
F9,4,2,8.652539595871763,-5.757386752348211e-05,False,8.388657174969804,0.26388242090195924
F9,4,3,8.491426991878166,-4.404120712053304e-06,False,8.388713516315159,0.10271347556300725
F9,4,4,3.859179700544774,5.167744877364345e-07,True,8.3887187307439,-4.5295390301991265
F9,4,5,0.5208097573987378,5.1640330582305284e-08,False,8.388718237864287,-7.86790848046555
F9,4,6,0.012952216579665905,1.3768400136311788e-10,False,8.388718183289486,-8.37576596670982
F9,4,7,-1.885990200628492e-05,-1.3857546760873483e-10,False,8.388718182996747,-8.388737042898754
F9,5,0,0.12314512688151445,7.183539451532821e-05,False,8.388794303550657,-8.265649176669143
F9,5,1,0.4706421896853594,-5.403573405752703e-06,False,8.388712457244676,-7.918070267559316
F9,5,2,0.8233492625950249,-5.753251413082189e-06,False,8.388712086708225,-7.565362824113199
F9,5,3,0.883507463000675,-4.400957378739727e-07,False,8.388717716795949,-7.505210253795274
F9,5,4,0.5208097573987378,5.1640330582305284e-08,False,8.388718237864287,-7.86790848046555
F9,5,5,0.10828851456851334,5.160323905172846e-09,True,8.388718188611728,-8.280429674043214
F9,5,6,0.004259819183536015,1.3758510752783617e-11,False,8.388718183158167,-8.38445836397463
F9,5,7,3.74790671214998e-06,-1.3847593346292188e-11,False,8.388718183128914,-8.388714435222202
F9,6,0,0.0018440729481207058,1.9152829667898366e-07,False,8.388718386096631,-8.38687431314851
F9,6,1,0.007533190243709277,-1.440706517123443e-08,False,8.388718167877135,-8.381184977633426
F9,6,2,0.01389260261752054,-1.5339380411956424e-08,False,8.388718166889207,-8.374825564271687
F9,6,3,0.017096212707789844,-1.1733879603417021e-09,False,8.388718181900208,-8.371621969192418
F9,6,4,0.012952216579665905,1.3768400136311788e-10,False,8.388718183289486,-8.37576596670982
F9,6,5,0.004259819183536015,1.3758510752783617e-11,False,8.388718183158167,-8.38445836397463
F9,6,6,0.0003610756205724426,3.668308842875278e-14,True,8.388718183143627,-8.388357107523055
F9,6,7,1.0747949351301617e-06,-3.6920601391736544e-14,False,8.38871818314355,-8.388717108348613
F9,7,0,-2.157009497844098e-05,-1.9276839000776134e-07,False,8.38871797887648,-8.388739548971458
F9,7,1,-6.120685994941484e-05,1.4500346977191585e-08,False,8.388718198508887,-8.388779405368837
F9,7,2,-8.537536489831137e-05,1.543869870406411e-08,False,8.388718199503211,-8.38880357486811
F9,7,3,-6.84780239051898e-05,1.180985326406763e-09,False,8.38871818439502,-8.388786662418925
F9,7,4,-1.885990200628492e-05,-1.3857546760873483e-10,False,8.388718182996747,-8.388737042898754
F9,7,5,3.74790671214998e-06,-1.3847593346292188e-11,False,8.388718183128914,-8.388714435222202
F9,7,6,1.0747949351301617e-06,-3.6920601391736544e-14,False,8.38871818314355,-8.388717108348613
F9,7,7,4.298691430443677e-08,3.7159652186184385e-14,True,8.388718183143627,-8.388718140156714
F10,0,0,1.0,1.0,True,9.44836861845645,-8.44836861845645
F10,0,1,4.008343436441142,-0.6678105145308707,False,7.681072480714445,-3.6727290442733027
F10,0,2,6.838443428678517,0.060090338076027136,False,8.452392936043948,-1.6139495073654304
F10,0,3,5.502979787597021,0.015749247637154653,False,8.405406880258148,-2.902427092661127
F10,0,4,1.71972074816577,-0.0009153664921727979,False,8.387748214641686,-6.668027466475916
F10,0,5,0.15207698868649608,-0.00012800464549071955,False,8.388582542965272,-8.236505554278777
F10,0,6,0.0022156670625849344,-1.600014595673173e-07,False,8.388718013597972,-8.386502346535387
F10,0,7,-2.7195335937855576e-06,-1.8410100146414882e-08,False,8.388718163635318,-8.388720883168912
F10,1,0,4.008343436441142,-0.6678105145308707,False,7.681072480714445,-3.6727290442733027
F10,1,1,17.37364425615411,0.4459708833179863,True,8.861291423788355,8.512352832365753
F10,1,2,30.79493816962469,-0.040128959588885654,False,8.346195513646574,22.448742655978116
F10,1,3,25.537244594379302,-0.010517513168042348,False,8.377573295736664,17.15967129864264
F10,1,4,8.134917564803132,0.0006112913681222344,False,8.389365938307922,-0.25444837350478977
F10,1,5,0.7291655276908632,8.548284816749912e-05,False,8.38880876508086,-7.6596432373899965
F10,1,6,0.01006104636269008,1.0685065703934048e-07,False,8.388718296367934,-8.378657250005244
F10,1,7,-1.3424239066472579e-05,1.229445845134218e-08,False,8.388718196171416,-8.388731620410482
F10,2,0,6.838443428678517,0.060090338076027136,False,8.452392936043948,-1.6139495073654304
F10,2,1,30.79493816962469,-0.040128959588885654,False,8.346195513646574,22.448742655978116
F10,2,2,57.274773804590595,0.0036108487300912364,True,8.392544420572278,48.882229384018316
F10,2,3,49.390247172555725,0.0009463776149596947,False,8.38972101259525,41.00052615996047
F10,2,4,16.203823858478923,-5.500468197813047e-05,False,8.388659897408386,7.815163961070537
F10,2,5,1.525693673867957,-7.69184242283934e-06,False,8.388710032479416,-6.863016358611459
F10,2,6,0.02481425015438546,-9.614541798057884e-09,False,8.388718172955535,-8.36390392280115
F10,2,7,-1.4707330071608241e-05,-1.106269141811587e-09,False,8.38871818197133,-8.388732889301401
F10,3,0,5.502979787597021,0.015749247637154653,False,8.405406880258148,-2.902427092661127
F10,3,1,25.537244594379302,-0.010517513168042348,False,8.377573295736664,17.15967129864264
F10,3,2,49.390247172555725,0.0009463776149596947,False,8.38972101259525,41.00052615996047
F10,3,3,46.49711132440623,0.00024803880113642143,True,8.388981017567186,38.108130306839044
F10,3,4,16.76540655355022,-1.441633356398298e-05,False,8.388702906869451,8.37670364668077
F10,3,5,1.7372687701367218,-2.015976860539534e-06,False,8.38871604691283,-6.651447276776108
F10,3,6,0.033134068637214485,-2.519902609031868e-09,False,8.388718180473372,-8.355584111836158
F10,3,7,8.532778047817607e-07,-2.899452262307051e-10,False,8.388718182836348,-8.388717329558544
F10,4,0,1.71972074816577,-0.0009153664921727979,False,8.387748214641686,-6.668027466475916
F10,4,1,8.134917564803132,0.0006112913681222344,False,8.389365938307922,-0.25444837350478977
F10,4,2,16.203823858478923,-5.500468197813047e-05,False,8.388659897408386,7.815163961070537
F10,4,3,16.76540655355022,-1.441633356398298e-05,False,8.388702906869451,8.37670364668077
F10,4,4,7.397153194536385,8.378958149927329e-07,True,8.388719071020253,-0.9915658764838682
F10,4,5,0.9603308214880891,1.1717116332466251e-07,False,8.388718307304062,-7.428387485815973
F10,4,6,0.02283508805284737,1.46459974786663e-10,False,8.388718183298785,-8.365883095245938
F10,4,7,1.2382405508890853e-05,1.6851988791573705e-11,False,8.388718183161446,-8.388705800755938
F10,5,0,0.15207698868649608,-0.00012800464549071955,False,8.388582542965272,-8.236505554278777
F10,5,1,0.7291655276908632,8.548284816749912e-05,False,8.38880876508086,-7.6596432373899965
F10,5,2,1.525693673867957,-7.69184242283934e-06,False,8.388710032479416,-6.863016358611459
F10,5,3,1.7372687701367218,-2.015976860539534e-06,False,8.38871604691283,-6.651447276776108
F10,5,4,0.9603308214880891,1.1717116332466251e-07,False,8.388718307304062,-7.428387485815973
F10,5,5,0.18380535780351834,1.638518926720479e-08,True,8.388718200506162,-8.204912842702644
F10,5,6,0.006479210749263993,2.048093010991215e-11,False,8.38871818316529,-8.382238972416026
F10,5,7,5.1324417293853655e-06,2.356578342690481e-12,False,8.388718183146086,-8.388713050704357
F10,6,0,0.0022156670625849344,-1.600014595673173e-07,False,8.388718013597972,-8.386502346535387
F10,6,1,0.01006104636269008,1.0685065703934048e-07,False,8.388718296367934,-8.378657250005244
F10,6,2,0.02481425015438546,-9.614541798057884e-09,False,8.388718172955535,-8.36390392280115
F10,6,3,0.033134068637214485,-2.519902609031868e-09,False,8.388718180473372,-8.355584111836158
F10,6,4,0.02283508805284737,1.46459974786663e-10,False,8.388718183298785,-8.365883095245938
F10,6,5,0.006479210749263993,2.048093010991215e-11,False,8.38871818316529,-8.382238972416026
F10,6,6,0.0004973867367941313,2.5600467063671877e-14,True,8.388718183143615,-8.38822079640682
F10,6,7,7.885996523141928e-07,2.9456428942068632e-15,False,8.388718183143592,-8.388717394543939
F10,7,0,-2.7195335937855576e-06,-1.8410100146414882e-08,False,8.388718163635318,-8.388720883168912
F10,7,1,-1.3424239066472579e-05,1.229445845134218e-08,False,8.388718196171416,-8.388731620410482
F10,7,2,-1.4707330071608241e-05,-1.106269141811587e-09,False,8.38871818197133,-8.388732889301401
F10,7,3,8.532778047817607e-07,-2.899452262307051e-10,False,8.388718182836348,-8.388717329558544
F10,7,4,1.2382405508890853e-05,1.6851988791573705e-11,False,8.388718183161446,-8.388705800755938
F10,7,5,5.1324417293853655e-06,2.356578342690481e-12,False,8.388718183146086,-8.388713050704357
F10,7,6,7.885996523141928e-07,2.9456428942068632e-15,False,8.388718183143592,-8.388717394543939
F10,7,7,2.2288428158602282e-08,3.3893178740102526e-16,True,8.388718183143588,-8.38871816085516
F11,0,0,1.0,1.0,True,9.44836861845645,-8.44836861845645
F11,0,1,3.98274972099942,-0.44038364244853234,False,7.922065464718337,-3.939315743718917
F11,0,2,6.749434068524858,0.0789343497653934,False,8.472361001233626,-1.7229269327087682
F11,0,3,5.594701404552191,-0.007015833059399655,False,8.381283852588114,-2.786582448035923
F11,0,4,1.9567946108860317,0.0002411468226964332,False,8.388973714479233,-6.432179103593201
F11,0,5,0.20573740803683735,1.5946576055055985e-05,False,8.388735080939847,-8.18299767290301
F11,0,6,0.003241774111477899,-2.5690141958425337e-06,False,8.388715460886576,-8.385473686775098
F11,0,7,-8.943384409341094e-09,1.9262005776632627e-09,False,8.388718185184688,-8.388718194128073
F11,1,0,3.98274972099942,-0.44038364244853234,False,7.922065464718337,-3.939315743718917
F11,1,1,16.973332416440243,0.19393775253623677,True,8.59422440704221,8.379108009398033
F11,1,2,29.692711752735782,-0.0347613964639904,False,8.351883254248438,21.340828498487344
F11,1,3,24.921872470556263,0.0030896581175092505,False,8.391992140712775,16.529880329843486
F11,1,4,8.776246093769387,-0.00010619711614394566,False,8.388605651323237,0.38764044244615015
F11,1,5,0.9265147822278798,-7.022611247708102e-06,False,8.388710741630522,-7.462195959402642
F11,1,6,0.014443890830526695,1.1313518290671222e-06,False,8.388719381981046,-8.374275491150518
F11,1,7,1.6906915479968422e-07,-8.482672264778147e-10,False,8.388718182244721,-8.388718013175566
F11,2,0,6.749434068524858,0.0789343497653934,False,8.472361001233626,-1.7229269327087682
F11,2,1,29.692711752735782,-0.0347613964639904,False,8.351883254248438,21.340828498487344
F11,2,2,54.320308992478566,0.006230631572885462,True,8.39532047460207,45.9249885178765
F11,2,3,46.978931349938385,-0.0005537902206062625,False,8.38813135909525,38.59079999084314
F11,2,4,16.917737455311464,1.9034767647533567e-05,False,8.388738353343411,8.528999101968052
F11,2,5,1.8244051100755612,1.2587326118902364e-06,False,8.388719516960148,-6.564314406884586
F11,2,6,0.02819799475847316,-2.0278346508689543e-07,False,8.388717968264,-8.360519973505527
F11,2,7,4.4187861757152335e-07,1.520433901155748e-10,False,8.3887181833047,-8.388717741426083
F11,3,0,5.594701404552191,-0.007015833059399655,False,8.381283852588114,-2.786582448035923
F11,3,1,24.921872470556263,0.0030896581175092505,False,8.391992140712775,16.529880329843486
F11,3,2,46.978931349938385,-0.0005537902206062625,False,8.38813135909525,38.59079999084314
F11,3,3,43.83931548406389,4.922191351736513e-05,True,8.388770341165674,35.450545142898214
F11,3,4,17.3265657212673,-1.6918458508428231e-06,False,8.388716390378395,8.937849330888906
F11,3,5,2.0565223193418545,-1.1187851547129271e-07,False,8.38871806459147,-6.332195745249616
F11,3,6,0.0372406310598297,1.8023774725259068e-08,False,8.388718202242488,-8.35147757118266
F11,3,7,3.6789914334876324e-07,-1.3513901691804631e-11,False,8.388718183129269,-8.388717815230125
F11,4,0,1.9567946108860317,0.0002411468226964332,False,8.388973714479233,-6.432179103593201
F11,4,1,8.776246093769387,-0.00010619711614394566,False,8.388605651323237,0.38764044244615015
F11,4,2,16.917737455311464,1.9034767647533567e-05,False,8.388738353343411,8.528999101968052
F11,4,3,17.3265657212673,-1.6918458508428231e-06,False,8.388716390378395,8.937849330888906
F11,4,4,8.347175849116185,5.8151790096584986e-08,True,8.388718244764158,-0.041542395647972796
F11,4,5,1.2467050697135917,3.8454661485637725e-09,False,8.388718187218439,-7.142013117504847
F11,4,6,0.02963660885942244,-6.195096107894594e-10,False,8.388718182487125,-8.359081573627702
F11,4,7,1.1483340715055349e-07,4.6449714917953e-13,False,8.38871818314408,-8.388718068310673
F11,5,0,0.20573740803683735,1.5946576055055985e-05,False,8.388735080939847,-8.18299767290301
F11,5,1,0.9265147822278798,-7.022611247708102e-06,False,8.388710741630522,-7.462195959402642
F11,5,2,1.8244051100755612,1.2587326118902364e-06,False,8.388719516960148,-6.564314406884586
F11,5,3,2.0565223193418545,-1.1187851547129271e-07,False,8.38871806459147,-6.332195745249616
F11,5,4,1.2467050697135917,3.8454661485637725e-09,False,8.388718187218439,-7.142013117504847
F11,5,5,0.2617466493442532,2.5429328787968487e-10,True,8.38871818341305,-8.126971534068797
F11,5,6,0.00898674952374518,-4.0966980260521455e-11,False,8.388718183100178,-8.379731433576433
F11,5,7,2.1248186423227175e-08,3.071630400899999e-14,False,8.38871818314362,-8.388718161895433
F11,6,0,0.003241774111477899,-2.5690141958425337e-06,False,8.388715460886576,-8.385473686775098
F11,6,1,0.014443890830526695,1.1313518290671222e-06,False,8.388719381981046,-8.374275491150518
F11,6,2,0.02819799475847316,-2.0278346508689543e-07,False,8.388717968264,-8.360519973505527
F11,6,3,0.0372406310598297,1.8023774725259068e-08,False,8.388718202242488,-8.35147757118266
F11,6,4,0.02963660885942244,-6.195096107894594e-10,False,8.388718182487125,-8.359081573627702
F11,6,5,0.00898674952374518,-4.0966980260521455e-11,False,8.388718183100178,-8.379731433576433
F11,6,6,0.0004979649692399027,6.59983393844046e-12,True,8.388718183150582,-8.388220218181342
F11,6,7,9.74556748540711e-10,-4.9484366280570106e-15,False,8.388718183143583,-8.388718182169026
F11,7,0,-8.943384409341094e-09,1.9262005776632627e-09,False,8.388718185184688,-8.388718194128073
F11,7,1,1.6906915479968422e-07,-8.482672264778147e-10,False,8.388718182244721,-8.388718013175566
F11,7,2,4.4187861757152335e-07,1.520433901155748e-10,False,8.3887181833047,-8.388717741426083
F11,7,3,3.6789914334876324e-07,-1.3513901691804631e-11,False,8.388718183129269,-8.388717815230125
F11,7,4,1.1483340715055349e-07,4.6449714917953e-13,False,8.38871818314408,-8.388718068310673
F11,7,5,2.1248186423227175e-08,3.071630400899999e-14,False,8.38871818314362,-8.388718161895433
F11,7,6,9.74556748540711e-10,-4.9484366280570106e-15,False,8.388718183143583,-8.388718182169026
F11,7,7,3.101801161761304e-12,3.710248665390287e-18,True,8.388718183143588,-8.388718183140487
F12,0,0,4.309617785599015,4.30961778559901,True,12.955406545685634,-8.645788760086617
F12,0,1,17.68513215500863,-2.7879332151915155,False,5.43448353804271,12.250648616965922
F12,0,2,27.118884751251194,0.47082820507252265,False,8.88763149560626,18.231253255644933
F12,0,3,22.922755260202283,0.01666910831048659,False,8.406381611021073,14.51637364918121
F12,0,4,13.161730433646863,-0.009543647337613374,False,8.378605253087814,4.783125180559049
F12,0,5,2.9750612860931707,0.0006002918167718825,False,8.389354282628545,-5.414292996535375
F12,0,6,0.11204021702656358,-7.870397229797477e-06,False,8.388709843273737,-8.276669626247173
F12,0,7,0.0,0.0,False,8.388718183143588,-8.388718183143588
F12,1,0,17.68513215500863,-2.7879332151915155,False,5.43448353804271,12.250648616965922
F12,1,1,79.99589899021149,1.8901519833166656,True,10.391618555072563,69.60428043513892
F12,1,2,125.78750204898176,-0.34889349600482084,False,8.019013038224253,117.7684890107575
F12,1,3,97.42634785573051,-0.006636778494541845,False,8.381685517922772,89.04466233780774
F12,1,4,49.46049362027718,0.006753828332762436,False,8.395874880276429,41.064618740000746
F12,1,5,9.991259613642194,-0.0004759441299758272,False,8.388213848739074,1.6030457649031202
F12,1,6,0.34891395550040194,6.944752312952487e-06,False,8.3887255421534,-8.039811586652998
F12,1,7,0.0,-0.0,False,8.388718183143588,-8.388718183143588
F12,2,0,27.118884751251194,0.47082820507252265,False,8.88763149560626,18.231253255644933
F12,2,1,125.78750204898176,-0.34889349600482084,False,8.019013038224253,117.7684890107575
F12,2,2,210.42311645752582,0.07410731290228174,True,8.467246029520357,201.95587042800545
F12,2,3,155.65672696872866,-0.0003003019871033186,False,8.388399968012228,147.26832700071643
F12,2,4,72.2049088117471,-0.0013393514079118828,False,8.387298938841157,63.81760987290595
F12,2,5,14.064248227895673,0.00011040321335839303,False,8.388835171956684,5.675413055938989
F12,2,6,0.4827346289870939,-1.808000684213165e-06,False,8.388716267294877,-7.905981638307782
F12,2,7,0.0,0.0,False,8.388718183143588,-8.388718183143588
F12,3,0,22.922755260202283,0.01666910831048659,False,8.406381611021073,14.51637364918121
F12,3,1,97.42634785573051,-0.006636778494541845,False,8.381685517922772,89.04466233780774
F12,3,2,155.65672696872866,-0.0003003019871033186,False,8.388399968012228,147.26832700071643
F12,3,3,139.75276205302578,0.00026299971064405107,True,8.38899687090146,131.36376518212433
F12,3,4,74.7065935395056,-9.147784069555414e-06,False,8.388708489690217,66.31788504981539
F12,3,5,15.76107325983121,-1.8725686694253647e-06,False,8.388716198875382,7.372357060955828
F12,3,6,0.5502061492111506,5.8288279698194043e-08,False,8.38871824490879,-7.838512095697639
F12,3,7,0.0,0.0,False,8.388718183143588,-8.388718183143588
F12,4,0,13.161730433646863,-0.009543647337613374,False,8.378605253087814,4.783125180559049
F12,4,1,49.46049362027718,0.006753828332762436,False,8.395874880276429,41.064618740000746
F12,4,2,72.2049088117471,-0.0013393514079118828,False,8.387298938841157,63.81760987290595
F12,4,3,74.7065935395056,-9.147784069555414e-06,False,8.388708489690217,66.31788504981539
F12,4,4,58.90319204892349,2.501777456370896e-05,True,8.388744693239294,50.5144473556842
F12,4,5,15.00653522386171,-1.9159825284722303e-06,False,8.388716152871869,6.617819070989841
F12,4,6,0.5692329001416936,2.983885846771938e-08,False,8.388718214762347,-7.819485314620653
F12,4,7,0.0,-0.0,False,8.388718183143588,-8.388718183143588
F12,5,0,2.9750612860931707,0.0006002918167718825,False,8.389354282628545,-5.414292996535375
F12,5,1,9.991259613642194,-0.0004759441299758272,False,8.388213848739074,1.6030457649031202
F12,5,2,14.064248227895673,0.00011040321335839303,False,8.388835171956684,5.675413055938989
F12,5,3,15.76107325983121,-1.8725686694253647e-06,False,8.388716198875382,7.372357060955828
F12,5,4,15.00653522386171,-1.9159825284722303e-06,False,8.388716152871869,6.617819070989841
F12,5,5,5.265322421969246,1.7223487003607565e-07,True,8.388718365652343,-3.1233959436830974
F12,5,6,0.2603167538761075,-2.970957933602618e-09,False,8.388718179995411,-8.128401426119304
F12,5,7,0.0,0.0,False,8.388718183143588,-8.388718183143588
F12,6,0,0.11204021702656358,-7.870397229797477e-06,False,8.388709843273737,-8.276669626247173
F12,6,1,0.34891395550040194,6.944752312952487e-06,False,8.3887255421534,-8.039811586652998
F12,6,2,0.4827346289870939,-1.808000684213165e-06,False,8.388716267294877,-7.905981638307782
F12,6,3,0.5502061492111506,5.8288279698194043e-08,False,8.38871824490879,-7.838512095697639
F12,6,4,0.5692329001416936,2.983885846771938e-08,False,8.388718214762347,-7.819485314620653
F12,6,5,0.2603167538761075,-2.970957933602618e-09,False,8.388718179995411,-8.128401426119304
F12,6,6,0.02031999586206261,5.403074055223929e-11,True,8.388718183200842,-8.36839818733878
F12,6,7,0.0,0.0,False,8.388718183143588,-8.388718183143588
F12,7,0,0.0,0.0,False,8.388718183143588,-8.388718183143588
F12,7,1,0.0,-0.0,False,8.388718183143588,-8.388718183143588
F12,7,2,0.0,0.0,False,8.388718183143588,-8.388718183143588
F12,7,3,0.0,0.0,False,8.388718183143588,-8.388718183143588
F12,7,4,0.0,-0.0,False,8.388718183143588,-8.388718183143588
F12,7,5,0.0,0.0,False,8.388718183143588,-8.388718183143588
F12,7,6,0.0,0.0,False,8.388718183143588,-8.388718183143588
F12,7,7,0.0,0.0,True,8.388718183143588,-8.388718183143588
